REGION,PROVINCE,MUNICIPALITY,BARANGAY,PRECINCT_ID
NCR,NCR - MANILA,BINONDO,BARANGAY 287,39020701
NCR,NCR - MANILA,BINONDO,BARANGAY 287,39020702
NCR,NCR - MANILA,BINONDO,BARANGAY 288,39020703
NCR,NCR - MANILA,BINONDO,BARANGAY 289,39020704
NCR,NCR - MANILA,BINONDO,BARANGAY 290,39020705
NCR,NCR - MANILA,BINONDO,BARANGAY 291,39020706
NCR,NCR - MANILA,BINONDO,BARANGAY 292,39020707
NCR,NCR - MANILA,BINONDO,BARANGAY 292,39020708
NCR,NCR - MANILA,BINONDO,BARANGAY 292,39020709
NCR,NCR - MANILA,BINONDO,BARANGAY 293,39020710
NCR,NCR - MANILA,BINONDO,BARANGAY 293,39020711
NCR,NCR - MANILA,BINONDO,BARANGAY 294,39020712
NCR,NCR - MANILA,BINONDO,BARANGAY 294,39020713
NCR,NCR - MANILA,BINONDO,BARANGAY 295,39020714
NCR,NCR - MANILA,BINONDO,BARANGAY 296,39020715
NCR,NCR - MANILA,BINONDO,BARANGAY 296,39020716
NCR,NCR - MANILA,BINONDO,BARANGAY 296,39020717
NCR,NCR - MANILA,ERMITA,BARANGAY 659,39081270
NCR,NCR - MANILA,ERMITA,BARANGAY 659-A,39081271
NCR,NCR - MANILA,ERMITA,BARANGAY 659-A,39081272
NCR,NCR - MANILA,ERMITA,BARANGAY 659-A,39081273
NCR,NCR - MANILA,ERMITA,BARANGAY 660,39081274
NCR,NCR - MANILA,ERMITA,BARANGAY 660-A,39081275
NCR,NCR - MANILA,ERMITA,BARANGAY 661,39081276
NCR,NCR - MANILA,ERMITA,BARANGAY 663,39081280
NCR,NCR - MANILA,ERMITA,BARANGAY 663-A,39081281
NCR,NCR - MANILA,ERMITA,BARANGAY 664,39081282
NCR,NCR - MANILA,ERMITA,BARANGAY 666,39081284
NCR,NCR - MANILA,ERMITA,BARANGAY 666,39081285
NCR,NCR - MANILA,ERMITA,BARANGAY 667,39081286
NCR,NCR - MANILA,ERMITA,BARANGAY 667,39081287
NCR,NCR - MANILA,ERMITA,BARANGAY 668,39081288
NCR,NCR - MANILA,ERMITA,BARANGAY 669,39081289
NCR,NCR - MANILA,ERMITA,BARANGAY 669,39081290
NCR,NCR - MANILA,ERMITA,BARANGAY 669,39081291
NCR,NCR - MANILA,ERMITA,BARANGAY 669,39081292
NCR,NCR - MANILA,ERMITA,BARANGAY 670,39081293
NCR,NCR - MANILA,ERMITA,BARANGAY 670,39081294
NCR,NCR - MANILA,ERMITA,BARANGAY 670,39081295
NCR,NCR - MANILA,INTRAMUROS,BARANGAY 654,39091260
NCR,NCR - MANILA,INTRAMUROS,BARANGAY 654,39091261
NCR,NCR - MANILA,INTRAMUROS,BARANGAY 655,39091262
NCR,NCR - MANILA,INTRAMUROS,BARANGAY 655,39091263
NCR,NCR - MANILA,INTRAMUROS,BARANGAY 656,39091264
NCR,NCR - MANILA,INTRAMUROS,BARANGAY 657,39091265
NCR,NCR - MANILA,INTRAMUROS,BARANGAY 657,39091266
NCR,NCR - MANILA,INTRAMUROS,BARANGAY 658,39091267
NCR,NCR - MANILA,INTRAMUROS,BARANGAY 658,39091268
NCR,NCR - MANILA,INTRAMUROS,BARANGAY 658,39091269
NCR,NCR - MANILA,MALATE,BARANGAY 688,39101324
NCR,NCR - MANILA,MALATE,BARANGAY 689,39101325
NCR,NCR - MANILA,MALATE,BARANGAY 690,39101326
NCR,NCR - MANILA,MALATE,BARANGAY 691,39101327
NCR,NCR - MANILA,MALATE,BARANGAY 692,39101328
NCR,NCR - MANILA,MALATE,BARANGAY 693,39101329
NCR,NCR - MANILA,MALATE,BARANGAY 694,39101330
NCR,NCR - MANILA,MALATE,BARANGAY 695,39101331
NCR,NCR - MANILA,MALATE,BARANGAY 696,39101332
NCR,NCR - MANILA,MALATE,BARANGAY 696,39101333
NCR,NCR - MANILA,MALATE,BARANGAY 697,39101334
NCR,NCR - MANILA,MALATE,BARANGAY 697,39101335
NCR,NCR - MANILA,MALATE,BARANGAY 698,39101336
NCR,NCR - MANILA,MALATE,BARANGAY 699,39101337
NCR,NCR - MANILA,MALATE,BARANGAY 699,39101338
NCR,NCR - MANILA,MALATE,BARANGAY 700,39101339
NCR,NCR - MANILA,MALATE,BARANGAY 701,39101340
NCR,NCR - MANILA,MALATE,BARANGAY 701,39101341
NCR,NCR - MANILA,MALATE,BARANGAY 702,39101342
NCR,NCR - MANILA,MALATE,BARANGAY 702,39101343
NCR,NCR - MANILA,MALATE,BARANGAY 702,39101344
NCR,NCR - MANILA,MALATE,BARANGAY 703,39101345
NCR,NCR - MANILA,MALATE,BARANGAY 704,39101346
NCR,NCR - MANILA,MALATE,BARANGAY 704,39101347
NCR,NCR - MANILA,MALATE,BARANGAY 704,39101348
NCR,NCR - MANILA,MALATE,BARANGAY 704,39101349
NCR,NCR - MANILA,MALATE,BARANGAY 705,39101350
NCR,NCR - MANILA,MALATE,BARANGAY 705,39101351
NCR,NCR - MANILA,MALATE,BARANGAY 705,39101352
NCR,NCR - MANILA,MALATE,BARANGAY 706,39101353
NCR,NCR - MANILA,MALATE,BARANGAY 706,39101354
NCR,NCR - MANILA,MALATE,BARANGAY 707,39101355
NCR,NCR - MANILA,MALATE,BARANGAY 708,39101356
NCR,NCR - MANILA,MALATE,BARANGAY 709,39101357
NCR,NCR - MANILA,MALATE,BARANGAY 710,39101358
NCR,NCR - MANILA,MALATE,BARANGAY 711,39101359
NCR,NCR - MANILA,MALATE,BARANGAY 712,39101360
NCR,NCR - MANILA,MALATE,BARANGAY 712,39101361
NCR,NCR - MANILA,MALATE,BARANGAY 713,39101362
NCR,NCR - MANILA,MALATE,BARANGAY 713,39101363
NCR,NCR - MANILA,MALATE,BARANGAY 714,39101364
NCR,NCR - MANILA,MALATE,BARANGAY 715,39101365
NCR,NCR - MANILA,MALATE,BARANGAY 716,39101366
NCR,NCR - MANILA,MALATE,BARANGAY 717,39101367
NCR,NCR - MANILA,MALATE,BARANGAY 718,39101368
NCR,NCR - MANILA,MALATE,BARANGAY 718,39101369
NCR,NCR - MANILA,MALATE,BARANGAY 719,39101370
NCR,NCR - MANILA,MALATE,BARANGAY 719,39101371
NCR,NCR - MANILA,MALATE,BARANGAY 719,39101372
NCR,NCR - MANILA,MALATE,BARANGAY 720,39101373
NCR,NCR - MANILA,MALATE,BARANGAY 720,39101374
NCR,NCR - MANILA,MALATE,BARANGAY 721,39101375
NCR,NCR - MANILA,MALATE,BARANGAY 722,39101376
NCR,NCR - MANILA,MALATE,BARANGAY 723,39101377
NCR,NCR - MANILA,MALATE,BARANGAY 724,39101378
NCR,NCR - MANILA,MALATE,BARANGAY 724,39101379
NCR,NCR - MANILA,MALATE,BARANGAY 725,39101380
NCR,NCR - MANILA,MALATE,BARANGAY 726,39101381
NCR,NCR - MANILA,MALATE,BARANGAY 727,39101382
NCR,NCR - MANILA,MALATE,BARANGAY 728,39101383
NCR,NCR - MANILA,MALATE,BARANGAY 729,39101384
NCR,NCR - MANILA,MALATE,BARANGAY 730,39101385
NCR,NCR - MANILA,MALATE,BARANGAY 731,39101386
NCR,NCR - MANILA,MALATE,BARANGAY 731,39101387
NCR,NCR - MANILA,MALATE,BARANGAY 731,39101388
NCR,NCR - MANILA,MALATE,BARANGAY 732,39101389
NCR,NCR - MANILA,MALATE,BARANGAY 732,39101390
NCR,NCR - MANILA,MALATE,BARANGAY 733,39101391
NCR,NCR - MANILA,MALATE,BARANGAY 733,39101392
NCR,NCR - MANILA,MALATE,BARANGAY 733,39101393
NCR,NCR - MANILA,MALATE,BARANGAY 734,39101394
NCR,NCR - MANILA,MALATE,BARANGAY 735,39101395
NCR,NCR - MANILA,MALATE,BARANGAY 735,39101396
NCR,NCR - MANILA,MALATE,BARANGAY 736,39101397
NCR,NCR - MANILA,MALATE,BARANGAY 736,39101398
NCR,NCR - MANILA,MALATE,BARANGAY 737,39101399
NCR,NCR - MANILA,MALATE,BARANGAY 737,39101400
NCR,NCR - MANILA,MALATE,BARANGAY 737,39101401
NCR,NCR - MANILA,MALATE,BARANGAY 738,39101402
NCR,NCR - MANILA,MALATE,BARANGAY 738,39101403
NCR,NCR - MANILA,MALATE,BARANGAY 738,39101404
NCR,NCR - MANILA,MALATE,BARANGAY 739,39101405
NCR,NCR - MANILA,MALATE,BARANGAY 739,39101406
NCR,NCR - MANILA,MALATE,BARANGAY 739,39101407
NCR,NCR - MANILA,MALATE,BARANGAY 740,39101408
NCR,NCR - MANILA,MALATE,BARANGAY 740,39101409
NCR,NCR - MANILA,MALATE,BARANGAY 740,39101410
NCR,NCR - MANILA,MALATE,BARANGAY 740,39101411
NCR,NCR - MANILA,MALATE,BARANGAY 741,39101412
NCR,NCR - MANILA,MALATE,BARANGAY 741,39101413
NCR,NCR - MANILA,MALATE,BARANGAY 742,39101414
NCR,NCR - MANILA,MALATE,BARANGAY 743,39101415
NCR,NCR - MANILA,MALATE,BARANGAY 743,39101416
NCR,NCR - MANILA,MALATE,BARANGAY 744,39101417
NCR,NCR - MANILA,PACO,BARANGAY 662,39111277
NCR,NCR - MANILA,PACO,BARANGAY 662,39111278
NCR,NCR - MANILA,PACO,BARANGAY 662,39111279
NCR,NCR - MANILA,PACO,BARANGAY 664-A,39111283
NCR,NCR - MANILA,PACO,BARANGAY 671,39111296
NCR,NCR - MANILA,PACO,BARANGAY 672,39111297
NCR,NCR - MANILA,PACO,BARANGAY 672,39111298
NCR,NCR - MANILA,PACO,BARANGAY 673,39111299
NCR,NCR - MANILA,PACO,BARANGAY 673,39111300
NCR,NCR - MANILA,PACO,BARANGAY 674,39111301
NCR,NCR - MANILA,PACO,BARANGAY 674,39111302
NCR,NCR - MANILA,PACO,BARANGAY 675,39111303
NCR,NCR - MANILA,PACO,BARANGAY 675,39111304
NCR,NCR - MANILA,PACO,BARANGAY 676,39111305
NCR,NCR - MANILA,PACO,BARANGAY 676,39111306
NCR,NCR - MANILA,PACO,BARANGAY 677,39111307
NCR,NCR - MANILA,PACO,BARANGAY 677,39111308
NCR,NCR - MANILA,PACO,BARANGAY 678,39111309
NCR,NCR - MANILA,PACO,BARANGAY 679,39111310
NCR,NCR - MANILA,PACO,BARANGAY 679,39111311
NCR,NCR - MANILA,PACO,BARANGAY 680,39111312
NCR,NCR - MANILA,PACO,BARANGAY 681,39111313
NCR,NCR - MANILA,PACO,BARANGAY 682,39111314
NCR,NCR - MANILA,PACO,BARANGAY 683,39111315
NCR,NCR - MANILA,PACO,BARANGAY 684,39111316
NCR,NCR - MANILA,PACO,BARANGAY 684,39111317
NCR,NCR - MANILA,PACO,BARANGAY 685,39111318
NCR,NCR - MANILA,PACO,BARANGAY 686,39111319
NCR,NCR - MANILA,PACO,BARANGAY 686,39111320
NCR,NCR - MANILA,PACO,BARANGAY 686,39111321
NCR,NCR - MANILA,PACO,BARANGAY 687,39111322
NCR,NCR - MANILA,PACO,BARANGAY 687,39111323
NCR,NCR - MANILA,PACO,BARANGAY 809,39111536
NCR,NCR - MANILA,PACO,BARANGAY 809,39111537
NCR,NCR - MANILA,PACO,BARANGAY 810,39111538
NCR,NCR - MANILA,PACO,BARANGAY 810,39111539
NCR,NCR - MANILA,PACO,BARANGAY 811,39111540
NCR,NCR - MANILA,PACO,BARANGAY 811,39111541
NCR,NCR - MANILA,PACO,BARANGAY 812,39111542
NCR,NCR - MANILA,PACO,BARANGAY 812,39111543
NCR,NCR - MANILA,PACO,BARANGAY 813,39111544
NCR,NCR - MANILA,PACO,BARANGAY 814,39111545
NCR,NCR - MANILA,PACO,BARANGAY 814,39111546
NCR,NCR - MANILA,PACO,BARANGAY 815,39111547
NCR,NCR - MANILA,PACO,BARANGAY 815,39111548
NCR,NCR - MANILA,PACO,BARANGAY 816,39111549
NCR,NCR - MANILA,PACO,BARANGAY 816,39111550
NCR,NCR - MANILA,PACO,BARANGAY 817,39111551
NCR,NCR - MANILA,PACO,BARANGAY 818,39111552
NCR,NCR - MANILA,PACO,BARANGAY 818,39111553
NCR,NCR - MANILA,PACO,BARANGAY 819,39111556
NCR,NCR - MANILA,PACO,BARANGAY 819,39111557
NCR,NCR - MANILA,PACO,BARANGAY 820,39111558
NCR,NCR - MANILA,PACO,BARANGAY 820,39111559
NCR,NCR - MANILA,PACO,BARANGAY 821,39111560
NCR,NCR - MANILA,PACO,BARANGAY 821,39111561
NCR,NCR - MANILA,PACO,BARANGAY 822,39111562
NCR,NCR - MANILA,PACO,BARANGAY 822,39111563
NCR,NCR - MANILA,PACO,BARANGAY 823,39111564
NCR,NCR - MANILA,PACO,BARANGAY 823,39111565
NCR,NCR - MANILA,PACO,BARANGAY 824,39111566
NCR,NCR - MANILA,PACO,BARANGAY 824,39111567
NCR,NCR - MANILA,PACO,BARANGAY 825,39111568
NCR,NCR - MANILA,PACO,BARANGAY 826,39111569
NCR,NCR - MANILA,PACO,BARANGAY 826,39111570
NCR,NCR - MANILA,PACO,BARANGAY 827,39111571
NCR,NCR - MANILA,PACO,BARANGAY 827,39111572
NCR,NCR - MANILA,PACO,BARANGAY 828,39111573
NCR,NCR - MANILA,PACO,BARANGAY 828,39111574
NCR,NCR - MANILA,PACO,BARANGAY 829,39111694
NCR,NCR - MANILA,PACO,BARANGAY 829,39111695
NCR,NCR - MANILA,PACO,BARANGAY 829,39111696
NCR,NCR - MANILA,PACO,BARANGAY 830,39111697
NCR,NCR - MANILA,PACO,BARANGAY 830,39111698
NCR,NCR - MANILA,PACO,BARANGAY 830,39111699
NCR,NCR - MANILA,PACO,BARANGAY 831,39111700
NCR,NCR - MANILA,PACO,BARANGAY 831,39111701
NCR,NCR - MANILA,PACO,BARANGAY 832,39111702
NCR,NCR - MANILA,PANDACAN,BARANGAY 833,39121703
NCR,NCR - MANILA,PANDACAN,BARANGAY 833,39121704
NCR,NCR - MANILA,PANDACAN,BARANGAY 834,39121705
NCR,NCR - MANILA,PANDACAN,BARANGAY 834,39121706
NCR,NCR - MANILA,PANDACAN,BARANGAY 835,39121707
NCR,NCR - MANILA,PANDACAN,BARANGAY 835,39121708
NCR,NCR - MANILA,PANDACAN,BARANGAY 835,39121709
NCR,NCR - MANILA,PANDACAN,BARANGAY 836,39121710
NCR,NCR - MANILA,PANDACAN,BARANGAY 836,39121711
NCR,NCR - MANILA,PANDACAN,BARANGAY 836,39121712
NCR,NCR - MANILA,PANDACAN,BARANGAY 836,39121713
NCR,NCR - MANILA,PANDACAN,BARANGAY 836,39121714
NCR,NCR - MANILA,PANDACAN,BARANGAY 837,39121715
NCR,NCR - MANILA,PANDACAN,BARANGAY 837,39121716
NCR,NCR - MANILA,PANDACAN,BARANGAY 837,39121717
NCR,NCR - MANILA,PANDACAN,BARANGAY 838,39121718
NCR,NCR - MANILA,PANDACAN,BARANGAY 838,39121719
NCR,NCR - MANILA,PANDACAN,BARANGAY 838,39121720
NCR,NCR - MANILA,PANDACAN,BARANGAY 839,39121721
NCR,NCR - MANILA,PANDACAN,BARANGAY 839,39121722
NCR,NCR - MANILA,PANDACAN,BARANGAY 839,39121723
NCR,NCR - MANILA,PANDACAN,BARANGAY 840,39121724
NCR,NCR - MANILA,PANDACAN,BARANGAY 840,39121725
NCR,NCR - MANILA,PANDACAN,BARANGAY 841,39121726
NCR,NCR - MANILA,PANDACAN,BARANGAY 841,39121727
NCR,NCR - MANILA,PANDACAN,BARANGAY 841,39121728
NCR,NCR - MANILA,PANDACAN,BARANGAY 842,39121729
NCR,NCR - MANILA,PANDACAN,BARANGAY 842,39121730
NCR,NCR - MANILA,PANDACAN,BARANGAY 842,39121731
NCR,NCR - MANILA,PANDACAN,BARANGAY 843,39121732
NCR,NCR - MANILA,PANDACAN,BARANGAY 843,39121733
NCR,NCR - MANILA,PANDACAN,BARANGAY 843,39121734
NCR,NCR - MANILA,PANDACAN,BARANGAY 843,39121735
NCR,NCR - MANILA,PANDACAN,BARANGAY 843,39121736
NCR,NCR - MANILA,PANDACAN,BARANGAY 844,39121737
NCR,NCR - MANILA,PANDACAN,BARANGAY 844,39121738
NCR,NCR - MANILA,PANDACAN,BARANGAY 844,39121739
NCR,NCR - MANILA,PANDACAN,BARANGAY 844,39121740
NCR,NCR - MANILA,PANDACAN,BARANGAY 845,39121741
NCR,NCR - MANILA,PANDACAN,BARANGAY 845,39121742
NCR,NCR - MANILA,PANDACAN,BARANGAY 846,39121743
NCR,NCR - MANILA,PANDACAN,BARANGAY 846,39121744
NCR,NCR - MANILA,PANDACAN,BARANGAY 847,39121745
NCR,NCR - MANILA,PANDACAN,BARANGAY 847,39121746
NCR,NCR - MANILA,PANDACAN,BARANGAY 847,39121747
NCR,NCR - MANILA,PANDACAN,BARANGAY 848,39121748
NCR,NCR - MANILA,PANDACAN,BARANGAY 848,39121749
NCR,NCR - MANILA,PANDACAN,BARANGAY 849,39121750
NCR,NCR - MANILA,PANDACAN,BARANGAY 849,39121751
NCR,NCR - MANILA,PANDACAN,BARANGAY 850,39121752
NCR,NCR - MANILA,PANDACAN,BARANGAY 850,39121753
NCR,NCR - MANILA,PANDACAN,BARANGAY 851,39121754
NCR,NCR - MANILA,PANDACAN,BARANGAY 852,39121755
NCR,NCR - MANILA,PANDACAN,BARANGAY 853,39121756
NCR,NCR - MANILA,PANDACAN,BARANGAY 855,39121757
NCR,NCR - MANILA,PANDACAN,BARANGAY 855,39121758
NCR,NCR - MANILA,PANDACAN,BARANGAY 856,39121759
NCR,NCR - MANILA,PANDACAN,BARANGAY 856,39121760
NCR,NCR - MANILA,PANDACAN,BARANGAY 857,39121761
NCR,NCR - MANILA,PANDACAN,BARANGAY 857,39121762
NCR,NCR - MANILA,PANDACAN,BARANGAY 858,39121763
NCR,NCR - MANILA,PANDACAN,BARANGAY 859,39121764
NCR,NCR - MANILA,PANDACAN,BARANGAY 859,39121765
NCR,NCR - MANILA,PANDACAN,BARANGAY 859,39121766
NCR,NCR - MANILA,PANDACAN,BARANGAY 860,39121767
NCR,NCR - MANILA,PANDACAN,BARANGAY 860,39121768
NCR,NCR - MANILA,PANDACAN,BARANGAY 861,39121769
NCR,NCR - MANILA,PANDACAN,BARANGAY 862,39121770
NCR,NCR - MANILA,PANDACAN,BARANGAY 862,39121771
NCR,NCR - MANILA,PANDACAN,BARANGAY 863,39121772
NCR,NCR - MANILA,PANDACAN,BARANGAY 863,39121773
NCR,NCR - MANILA,PANDACAN,BARANGAY 864,39121774
NCR,NCR - MANILA,PANDACAN,BARANGAY 865,39121775
NCR,NCR - MANILA,PANDACAN,BARANGAY 865,39121776
NCR,NCR - MANILA,PANDACAN,BARANGAY 867,39121780
NCR,NCR - MANILA,PANDACAN,BARANGAY 867,39121781
NCR,NCR - MANILA,PANDACAN,BARANGAY 867,39121782
NCR,NCR - MANILA,PANDACAN,BARANGAY 868,39121783
NCR,NCR - MANILA,PANDACAN,BARANGAY 868,39121784
NCR,NCR - MANILA,PANDACAN,BARANGAY 869,39121785
NCR,NCR - MANILA,PANDACAN,BARANGAY 869,39121786
NCR,NCR - MANILA,PANDACAN,BARANGAY 870,39121787
NCR,NCR - MANILA,PANDACAN,BARANGAY 870,39121788
NCR,NCR - MANILA,PANDACAN,BARANGAY 871,39121789
NCR,NCR - MANILA,PANDACAN,BARANGAY 871,39121790
NCR,NCR - MANILA,PANDACAN,BARANGAY 872,39121791
NCR,NCR - MANILA,PANDACAN,BARANGAY 872,39121792
NCR,NCR - MANILA,PORT AREA,BARANGAY 649,39131210
NCR,NCR - MANILA,PORT AREA,BARANGAY 649,39131211
NCR,NCR - MANILA,PORT AREA,BARANGAY 649,39131212
NCR,NCR - MANILA,PORT AREA,BARANGAY 649,39131213
NCR,NCR - MANILA,PORT AREA,BARANGAY 649,39131214
NCR,NCR - MANILA,PORT AREA,BARANGAY 649,39131215
NCR,NCR - MANILA,PORT AREA,BARANGAY 649,39131216
NCR,NCR - MANILA,PORT AREA,BARANGAY 649,39131217
NCR,NCR - MANILA,PORT AREA,BARANGAY 649,39131218
NCR,NCR - MANILA,PORT AREA,BARANGAY 649,39131219
NCR,NCR - MANILA,PORT AREA,BARANGAY 649,39131220
NCR,NCR - MANILA,PORT AREA,BARANGAY 649,39131221
NCR,NCR - MANILA,PORT AREA,BARANGAY 649,39131222
NCR,NCR - MANILA,PORT AREA,BARANGAY 649,39131223
NCR,NCR - MANILA,PORT AREA,BARANGAY 649,39131224
NCR,NCR - MANILA,PORT AREA,BARANGAY 649,39131225
NCR,NCR - MANILA,PORT AREA,BARANGAY 649,39131226
NCR,NCR - MANILA,PORT AREA,BARANGAY 649,39131227
NCR,NCR - MANILA,PORT AREA,BARANGAY 649,39131228
NCR,NCR - MANILA,PORT AREA,BARANGAY 649,39131229
NCR,NCR - MANILA,PORT AREA,BARANGAY 649,39131230
NCR,NCR - MANILA,PORT AREA,BARANGAY 649,39131231
NCR,NCR - MANILA,PORT AREA,BARANGAY 649,39131232
NCR,NCR - MANILA,PORT AREA,BARANGAY 649,39131233
NCR,NCR - MANILA,PORT AREA,BARANGAY 649,39131234
NCR,NCR - MANILA,PORT AREA,BARANGAY 649,39131235
NCR,NCR - MANILA,PORT AREA,BARANGAY 649,39131236
NCR,NCR - MANILA,PORT AREA,BARANGAY 649,39131237
NCR,NCR - MANILA,PORT AREA,BARANGAY 649,39131238
NCR,NCR - MANILA,PORT AREA,BARANGAY 649,39131239
NCR,NCR - MANILA,PORT AREA,BARANGAY 649,39131240
NCR,NCR - MANILA,PORT AREA,BARANGAY 649,39131241
NCR,NCR - MANILA,PORT AREA,BARANGAY 649,39131242
NCR,NCR - MANILA,PORT AREA,BARANGAY 649,39131243
NCR,NCR - MANILA,PORT AREA,BARANGAY 649,39131244
NCR,NCR - MANILA,PORT AREA,BARANGAY 649,39131245
NCR,NCR - MANILA,PORT AREA,BARANGAY 649,39131246
NCR,NCR - MANILA,PORT AREA,BARANGAY 649,39131247
NCR,NCR - MANILA,PORT AREA,BARANGAY 649,39131248
NCR,NCR - MANILA,PORT AREA,BARANGAY 649,39131249
NCR,NCR - MANILA,PORT AREA,BARANGAY 649,39131250
NCR,NCR - MANILA,PORT AREA,BARANGAY 650,39131251
NCR,NCR - MANILA,PORT AREA,BARANGAY 650,39131252
NCR,NCR - MANILA,PORT AREA,BARANGAY 650,39131253
NCR,NCR - MANILA,PORT AREA,BARANGAY 650,39131254
NCR,NCR - MANILA,PORT AREA,BARANGAY 651,39131255
NCR,NCR - MANILA,PORT AREA,BARANGAY 651,39131256
NCR,NCR - MANILA,PORT AREA,BARANGAY 651,39131257
NCR,NCR - MANILA,PORT AREA,BARANGAY 652,39131258
NCR,NCR - MANILA,PORT AREA,BARANGAY 653,39131259
NCR,NCR - MANILA,QUIAPO,BARANGAY 306,39030732
NCR,NCR - MANILA,QUIAPO,BARANGAY 306,39030733
NCR,NCR - MANILA,QUIAPO,BARANGAY 306,39030734
NCR,NCR - MANILA,QUIAPO,BARANGAY 307,39030735
NCR,NCR - MANILA,QUIAPO,BARANGAY 307,39030736
NCR,NCR - MANILA,QUIAPO,BARANGAY 307,39030737
NCR,NCR - MANILA,QUIAPO,BARANGAY 308,39030738
NCR,NCR - MANILA,QUIAPO,BARANGAY 308,39030739
NCR,NCR - MANILA,QUIAPO,BARANGAY 308,39030740
NCR,NCR - MANILA,QUIAPO,BARANGAY 309,39030741
NCR,NCR - MANILA,QUIAPO,BARANGAY 309,39030742
NCR,NCR - MANILA,QUIAPO,BARANGAY 383,39030899
NCR,NCR - MANILA,QUIAPO,BARANGAY 383,39030900
NCR,NCR - MANILA,QUIAPO,BARANGAY 384,39030901
NCR,NCR - MANILA,QUIAPO,BARANGAY 384,39030902
NCR,NCR - MANILA,QUIAPO,BARANGAY 385,39030903
NCR,NCR - MANILA,QUIAPO,BARANGAY 385,39030904
NCR,NCR - MANILA,QUIAPO,BARANGAY 386,39030905
NCR,NCR - MANILA,QUIAPO,BARANGAY 386,39030906
NCR,NCR - MANILA,QUIAPO,BARANGAY 387,39030907
NCR,NCR - MANILA,QUIAPO,BARANGAY 387,39030908
NCR,NCR - MANILA,QUIAPO,BARANGAY 388,39030909
NCR,NCR - MANILA,QUIAPO,BARANGAY 389,39030910
NCR,NCR - MANILA,QUIAPO,BARANGAY 390,39030911
NCR,NCR - MANILA,QUIAPO,BARANGAY 390,39030912
NCR,NCR - MANILA,QUIAPO,BARANGAY 391,39030913
NCR,NCR - MANILA,QUIAPO,BARANGAY 391,39030914
NCR,NCR - MANILA,QUIAPO,BARANGAY 391,39030915
NCR,NCR - MANILA,QUIAPO,BARANGAY 392,39030916
NCR,NCR - MANILA,QUIAPO,BARANGAY 393,39030917
NCR,NCR - MANILA,QUIAPO,BARANGAY 393,39030918
NCR,NCR - MANILA,QUIAPO,BARANGAY 393,39030919
NCR,NCR - MANILA,QUIAPO,BARANGAY 394,39030920
NCR,NCR - MANILA,QUIAPO,BARANGAY 394,39030921
NCR,NCR - MANILA,SAMPALOC,BARANGAY 395,39060922
NCR,NCR - MANILA,SAMPALOC,BARANGAY 395,39060923
NCR,NCR - MANILA,SAMPALOC,BARANGAY 396,39060924
NCR,NCR - MANILA,SAMPALOC,BARANGAY 397,39060925
NCR,NCR - MANILA,SAMPALOC,BARANGAY 397,39060926
NCR,NCR - MANILA,SAMPALOC,BARANGAY 398,39060927
NCR,NCR - MANILA,SAMPALOC,BARANGAY 398,39060928
NCR,NCR - MANILA,SAMPALOC,BARANGAY 399,39060929
NCR,NCR - MANILA,SAMPALOC,BARANGAY 400,39060930
NCR,NCR - MANILA,SAMPALOC,BARANGAY 400,39060931
NCR,NCR - MANILA,SAMPALOC,BARANGAY 401,39060932
NCR,NCR - MANILA,SAMPALOC,BARANGAY 401,39060933
NCR,NCR - MANILA,SAMPALOC,BARANGAY 401,39060934
NCR,NCR - MANILA,SAMPALOC,BARANGAY 402,39060935
NCR,NCR - MANILA,SAMPALOC,BARANGAY 402,39060936
NCR,NCR - MANILA,SAMPALOC,BARANGAY 402,39060937
NCR,NCR - MANILA,SAMPALOC,BARANGAY 403,39060938
NCR,NCR - MANILA,SAMPALOC,BARANGAY 404,39060939
NCR,NCR - MANILA,SAMPALOC,BARANGAY 405,39060940
NCR,NCR - MANILA,SAMPALOC,BARANGAY 406,39060941
NCR,NCR - MANILA,SAMPALOC,BARANGAY 407,39060942
NCR,NCR - MANILA,SAMPALOC,BARANGAY 407,39060943
NCR,NCR - MANILA,SAMPALOC,BARANGAY 408,39060944
NCR,NCR - MANILA,SAMPALOC,BARANGAY 408,39060945
NCR,NCR - MANILA,SAMPALOC,BARANGAY 409,39060946
NCR,NCR - MANILA,SAMPALOC,BARANGAY 409,39060947
NCR,NCR - MANILA,SAMPALOC,BARANGAY 409,39060948
NCR,NCR - MANILA,SAMPALOC,BARANGAY 410,39060949
NCR,NCR - MANILA,SAMPALOC,BARANGAY 410,39060950
NCR,NCR - MANILA,SAMPALOC,BARANGAY 411,39060951
NCR,NCR - MANILA,SAMPALOC,BARANGAY 411,39060952
NCR,NCR - MANILA,SAMPALOC,BARANGAY 412,39060953
NCR,NCR - MANILA,SAMPALOC,BARANGAY 412,39060954
NCR,NCR - MANILA,SAMPALOC,BARANGAY 413,39060955
NCR,NCR - MANILA,SAMPALOC,BARANGAY 413,39060956
NCR,NCR - MANILA,SAMPALOC,BARANGAY 414,39060957
NCR,NCR - MANILA,SAMPALOC,BARANGAY 415,39060958
NCR,NCR - MANILA,SAMPALOC,BARANGAY 416,39060959
NCR,NCR - MANILA,SAMPALOC,BARANGAY 417,39060960
NCR,NCR - MANILA,SAMPALOC,BARANGAY 417,39060961
NCR,NCR - MANILA,SAMPALOC,BARANGAY 418,39060962
NCR,NCR - MANILA,SAMPALOC,BARANGAY 418,39060963
NCR,NCR - MANILA,SAMPALOC,BARANGAY 418,39060964
NCR,NCR - MANILA,SAMPALOC,BARANGAY 419,39060965
NCR,NCR - MANILA,SAMPALOC,BARANGAY 419,39060966
NCR,NCR - MANILA,SAMPALOC,BARANGAY 420,39060967
NCR,NCR - MANILA,SAMPALOC,BARANGAY 420,39060968
NCR,NCR - MANILA,SAMPALOC,BARANGAY 420,39060969
NCR,NCR - MANILA,SAMPALOC,BARANGAY 420,39060970
NCR,NCR - MANILA,SAMPALOC,BARANGAY 421,39060971
NCR,NCR - MANILA,SAMPALOC,BARANGAY 421,39060972
NCR,NCR - MANILA,SAMPALOC,BARANGAY 422,39060973
NCR,NCR - MANILA,SAMPALOC,BARANGAY 422,39060974
NCR,NCR - MANILA,SAMPALOC,BARANGAY 423,39060975
NCR,NCR - MANILA,SAMPALOC,BARANGAY 423,39060976
NCR,NCR - MANILA,SAMPALOC,BARANGAY 424,39060977
NCR,NCR - MANILA,SAMPALOC,BARANGAY 424,39060978
NCR,NCR - MANILA,SAMPALOC,BARANGAY 425,39060979
NCR,NCR - MANILA,SAMPALOC,BARANGAY 425,39060980
NCR,NCR - MANILA,SAMPALOC,BARANGAY 426,39060981
NCR,NCR - MANILA,SAMPALOC,BARANGAY 427,39060982
NCR,NCR - MANILA,SAMPALOC,BARANGAY 428,39060983
NCR,NCR - MANILA,SAMPALOC,BARANGAY 429,39060984
NCR,NCR - MANILA,SAMPALOC,BARANGAY 429,39060985
NCR,NCR - MANILA,SAMPALOC,BARANGAY 430,39060986
NCR,NCR - MANILA,SAMPALOC,BARANGAY 431,39060987
NCR,NCR - MANILA,SAMPALOC,BARANGAY 432,39060988
NCR,NCR - MANILA,SAMPALOC,BARANGAY 432,39060989
NCR,NCR - MANILA,SAMPALOC,BARANGAY 432,39060990
NCR,NCR - MANILA,SAMPALOC,BARANGAY 432,39060991
NCR,NCR - MANILA,SAMPALOC,BARANGAY 433,39060992
NCR,NCR - MANILA,SAMPALOC,BARANGAY 434,39060993
NCR,NCR - MANILA,SAMPALOC,BARANGAY 435,39060994
NCR,NCR - MANILA,SAMPALOC,BARANGAY 436,39060995
NCR,NCR - MANILA,SAMPALOC,BARANGAY 436,39060996
NCR,NCR - MANILA,SAMPALOC,BARANGAY 437,39060997
NCR,NCR - MANILA,SAMPALOC,BARANGAY 438,39060998
NCR,NCR - MANILA,SAMPALOC,BARANGAY 439,39060999
NCR,NCR - MANILA,SAMPALOC,BARANGAY 439,39061000
NCR,NCR - MANILA,SAMPALOC,BARANGAY 440,39061001
NCR,NCR - MANILA,SAMPALOC,BARANGAY 441,39061002
NCR,NCR - MANILA,SAMPALOC,BARANGAY 442,39061003
NCR,NCR - MANILA,SAMPALOC,BARANGAY 443,39061004
NCR,NCR - MANILA,SAMPALOC,BARANGAY 444,39061005
NCR,NCR - MANILA,SAMPALOC,BARANGAY 445,39061006
NCR,NCR - MANILA,SAMPALOC,BARANGAY 446,39061007
NCR,NCR - MANILA,SAMPALOC,BARANGAY 447,39061008
NCR,NCR - MANILA,SAMPALOC,BARANGAY 448,39061009
NCR,NCR - MANILA,SAMPALOC,BARANGAY 449,39061010
NCR,NCR - MANILA,SAMPALOC,BARANGAY 449,39061011
NCR,NCR - MANILA,SAMPALOC,BARANGAY 450,39061012
NCR,NCR - MANILA,SAMPALOC,BARANGAY 450,39061013
NCR,NCR - MANILA,SAMPALOC,BARANGAY 451,39061014
NCR,NCR - MANILA,SAMPALOC,BARANGAY 452,39061015
NCR,NCR - MANILA,SAMPALOC,BARANGAY 452,39061016
NCR,NCR - MANILA,SAMPALOC,BARANGAY 453,39061017
NCR,NCR - MANILA,SAMPALOC,BARANGAY 453,39061018
NCR,NCR - MANILA,SAMPALOC,BARANGAY 454,39061019
NCR,NCR - MANILA,SAMPALOC,BARANGAY 455,39061020
NCR,NCR - MANILA,SAMPALOC,BARANGAY 456,39061021
NCR,NCR - MANILA,SAMPALOC,BARANGAY 456,39061022
NCR,NCR - MANILA,SAMPALOC,BARANGAY 457,39061023
NCR,NCR - MANILA,SAMPALOC,BARANGAY 458,39061024
NCR,NCR - MANILA,SAMPALOC,BARANGAY 458,39061025
NCR,NCR - MANILA,SAMPALOC,BARANGAY 459,39061026
NCR,NCR - MANILA,SAMPALOC,BARANGAY 460,39061027
NCR,NCR - MANILA,SAMPALOC,BARANGAY 461,39061028
NCR,NCR - MANILA,SAMPALOC,BARANGAY 462,39061029
NCR,NCR - MANILA,SAMPALOC,BARANGAY 463,39061030
NCR,NCR - MANILA,SAMPALOC,BARANGAY 464,39061031
NCR,NCR - MANILA,SAMPALOC,BARANGAY 464,39061032
NCR,NCR - MANILA,SAMPALOC,BARANGAY 465,39061033
NCR,NCR - MANILA,SAMPALOC,BARANGAY 466,39061034
NCR,NCR - MANILA,SAMPALOC,BARANGAY 467,39061035
NCR,NCR - MANILA,SAMPALOC,BARANGAY 468,39061036
NCR,NCR - MANILA,SAMPALOC,BARANGAY 469,39061037
NCR,NCR - MANILA,SAMPALOC,BARANGAY 470,39061038
NCR,NCR - MANILA,SAMPALOC,BARANGAY 471,39061039
NCR,NCR - MANILA,SAMPALOC,BARANGAY 472,39061040
NCR,NCR - MANILA,SAMPALOC,BARANGAY 472,39061041
NCR,NCR - MANILA,SAMPALOC,BARANGAY 473,39061042
NCR,NCR - MANILA,SAMPALOC,BARANGAY 473,39061043
NCR,NCR - MANILA,SAMPALOC,BARANGAY 474,39061044
NCR,NCR - MANILA,SAMPALOC,BARANGAY 474,39061045
NCR,NCR - MANILA,SAMPALOC,BARANGAY 475,39061046
NCR,NCR - MANILA,SAMPALOC,BARANGAY 475,39061047
NCR,NCR - MANILA,SAMPALOC,BARANGAY 476,39061048
NCR,NCR - MANILA,SAMPALOC,BARANGAY 477,39061049
NCR,NCR - MANILA,SAMPALOC,BARANGAY 478,39061050
NCR,NCR - MANILA,SAMPALOC,BARANGAY 478,39061051
NCR,NCR - MANILA,SAMPALOC,BARANGAY 479,39061052
NCR,NCR - MANILA,SAMPALOC,BARANGAY 480,39061053
NCR,NCR - MANILA,SAMPALOC,BARANGAY 481,39061054
NCR,NCR - MANILA,SAMPALOC,BARANGAY 482,39061055
NCR,NCR - MANILA,SAMPALOC,BARANGAY 483,39061056
NCR,NCR - MANILA,SAMPALOC,BARANGAY 484,39061057
NCR,NCR - MANILA,SAMPALOC,BARANGAY 484,39061058
NCR,NCR - MANILA,SAMPALOC,BARANGAY 485,39061059
NCR,NCR - MANILA,SAMPALOC,BARANGAY 485,39061060
NCR,NCR - MANILA,SAMPALOC,BARANGAY 486,39061061
NCR,NCR - MANILA,SAMPALOC,BARANGAY 487,39061062
NCR,NCR - MANILA,SAMPALOC,BARANGAY 488,39061063
NCR,NCR - MANILA,SAMPALOC,BARANGAY 489,39061064
NCR,NCR - MANILA,SAMPALOC,BARANGAY 490,39061065
NCR,NCR - MANILA,SAMPALOC,BARANGAY 491,39061066
NCR,NCR - MANILA,SAMPALOC,BARANGAY 492,39061067
NCR,NCR - MANILA,SAMPALOC,BARANGAY 493,39061068
NCR,NCR - MANILA,SAMPALOC,BARANGAY 493,39061069
NCR,NCR - MANILA,SAMPALOC,BARANGAY 494,39061070
NCR,NCR - MANILA,SAMPALOC,BARANGAY 494,39061071
NCR,NCR - MANILA,SAMPALOC,BARANGAY 495,39061072
NCR,NCR - MANILA,SAMPALOC,BARANGAY 495,39061073
NCR,NCR - MANILA,SAMPALOC,BARANGAY 496,39061074
NCR,NCR - MANILA,SAMPALOC,BARANGAY 497,39061075
NCR,NCR - MANILA,SAMPALOC,BARANGAY 498,39061076
NCR,NCR - MANILA,SAMPALOC,BARANGAY 499,39061077
NCR,NCR - MANILA,SAMPALOC,BARANGAY 499,39061078
NCR,NCR - MANILA,SAMPALOC,BARANGAY 500,39061079
NCR,NCR - MANILA,SAMPALOC,BARANGAY 500,39061080
NCR,NCR - MANILA,SAMPALOC,BARANGAY 501,39061081
NCR,NCR - MANILA,SAMPALOC,BARANGAY 502,39061082
NCR,NCR - MANILA,SAMPALOC,BARANGAY 503,39061083
NCR,NCR - MANILA,SAMPALOC,BARANGAY 504,39061084
NCR,NCR - MANILA,SAMPALOC,BARANGAY 505,39061085
NCR,NCR - MANILA,SAMPALOC,BARANGAY 506,39061086
NCR,NCR - MANILA,SAMPALOC,BARANGAY 507,39061087
NCR,NCR - MANILA,SAMPALOC,BARANGAY 507,39061088
NCR,NCR - MANILA,SAMPALOC,BARANGAY 508,39061089
NCR,NCR - MANILA,SAMPALOC,BARANGAY 509,39061090
NCR,NCR - MANILA,SAMPALOC,BARANGAY 510,39061091
NCR,NCR - MANILA,SAMPALOC,BARANGAY 511,39061092
NCR,NCR - MANILA,SAMPALOC,BARANGAY 511,39061093
NCR,NCR - MANILA,SAMPALOC,BARANGAY 512,39061094
NCR,NCR - MANILA,SAMPALOC,BARANGAY 512,39061095
NCR,NCR - MANILA,SAMPALOC,BARANGAY 513,39061096
NCR,NCR - MANILA,SAMPALOC,BARANGAY 513,39061097
NCR,NCR - MANILA,SAMPALOC,BARANGAY 514,39061098
NCR,NCR - MANILA,SAMPALOC,BARANGAY 514,39061099
NCR,NCR - MANILA,SAMPALOC,BARANGAY 515,39061100
NCR,NCR - MANILA,SAMPALOC,BARANGAY 515,39061101
NCR,NCR - MANILA,SAMPALOC,BARANGAY 516,39061102
NCR,NCR - MANILA,SAMPALOC,BARANGAY 517,39061103
NCR,NCR - MANILA,SAMPALOC,BARANGAY 518,39061104
NCR,NCR - MANILA,SAMPALOC,BARANGAY 518,39061105
NCR,NCR - MANILA,SAMPALOC,BARANGAY 519,39061106
NCR,NCR - MANILA,SAMPALOC,BARANGAY 520,39061107
NCR,NCR - MANILA,SAMPALOC,BARANGAY 521,39061108
NCR,NCR - MANILA,SAMPALOC,BARANGAY 521,39061109
NCR,NCR - MANILA,SAMPALOC,BARANGAY 522,39061110
NCR,NCR - MANILA,SAMPALOC,BARANGAY 523,39061111
NCR,NCR - MANILA,SAMPALOC,BARANGAY 524,39061112
NCR,NCR - MANILA,SAMPALOC,BARANGAY 525,39061113
NCR,NCR - MANILA,SAMPALOC,BARANGAY 525,39061114
NCR,NCR - MANILA,SAMPALOC,BARANGAY 526,39061115
NCR,NCR - MANILA,SAMPALOC,BARANGAY 527,39061116
NCR,NCR - MANILA,SAMPALOC,BARANGAY 527,39061117
NCR,NCR - MANILA,SAMPALOC,BARANGAY 528,39061118
NCR,NCR - MANILA,SAMPALOC,BARANGAY 529,39061119
NCR,NCR - MANILA,SAMPALOC,BARANGAY 530,39061120
NCR,NCR - MANILA,SAMPALOC,BARANGAY 531,39061121
NCR,NCR - MANILA,SAMPALOC,BARANGAY 531,39061122
NCR,NCR - MANILA,SAMPALOC,BARANGAY 532,39061123
NCR,NCR - MANILA,SAMPALOC,BARANGAY 533,39061124
NCR,NCR - MANILA,SAMPALOC,BARANGAY 534,39061125
NCR,NCR - MANILA,SAMPALOC,BARANGAY 535,39061126
NCR,NCR - MANILA,SAMPALOC,BARANGAY 536,39061127
NCR,NCR - MANILA,SAMPALOC,BARANGAY 537,39061128
NCR,NCR - MANILA,SAMPALOC,BARANGAY 538,39061129
NCR,NCR - MANILA,SAMPALOC,BARANGAY 539,39061130
NCR,NCR - MANILA,SAMPALOC,BARANGAY 539,39061131
NCR,NCR - MANILA,SAMPALOC,BARANGAY 540,39061132
NCR,NCR - MANILA,SAMPALOC,BARANGAY 540,39061133
NCR,NCR - MANILA,SAMPALOC,BARANGAY 541,39061134
NCR,NCR - MANILA,SAMPALOC,BARANGAY 542,39061135
NCR,NCR - MANILA,SAMPALOC,BARANGAY 543,39061136
NCR,NCR - MANILA,SAMPALOC,BARANGAY 544,39061137
NCR,NCR - MANILA,SAMPALOC,BARANGAY 545,39061138
NCR,NCR - MANILA,SAMPALOC,BARANGAY 546,39061139
NCR,NCR - MANILA,SAMPALOC,BARANGAY 547,39061140
NCR,NCR - MANILA,SAMPALOC,BARANGAY 548,39061141
NCR,NCR - MANILA,SAMPALOC,BARANGAY 549,39061142
NCR,NCR - MANILA,SAMPALOC,BARANGAY 550,39061143
NCR,NCR - MANILA,SAMPALOC,BARANGAY 551,39061144
NCR,NCR - MANILA,SAMPALOC,BARANGAY 552,39061145
NCR,NCR - MANILA,SAMPALOC,BARANGAY 553,39061146
NCR,NCR - MANILA,SAMPALOC,BARANGAY 554,39061147
NCR,NCR - MANILA,SAMPALOC,BARANGAY 554,39061148
NCR,NCR - MANILA,SAMPALOC,BARANGAY 555,39061149
NCR,NCR - MANILA,SAMPALOC,BARANGAY 556,39061150
NCR,NCR - MANILA,SAMPALOC,BARANGAY 557,39061151
NCR,NCR - MANILA,SAMPALOC,BARANGAY 557,39061152
NCR,NCR - MANILA,SAMPALOC,BARANGAY 558,39061153
NCR,NCR - MANILA,SAMPALOC,BARANGAY 558,39061154
NCR,NCR - MANILA,SAMPALOC,BARANGAY 559,39061155
NCR,NCR - MANILA,SAMPALOC,BARANGAY 559,39061156
NCR,NCR - MANILA,SAMPALOC,BARANGAY 560,39061157
NCR,NCR - MANILA,SAMPALOC,BARANGAY 561,39061158
NCR,NCR - MANILA,SAMPALOC,BARANGAY 561,39061159
NCR,NCR - MANILA,SAMPALOC,BARANGAY 561,39061160
NCR,NCR - MANILA,SAMPALOC,BARANGAY 562,39061161
NCR,NCR - MANILA,SAMPALOC,BARANGAY 562,39061162
NCR,NCR - MANILA,SAMPALOC,BARANGAY 562,39061163
NCR,NCR - MANILA,SAMPALOC,BARANGAY 563,39061164
NCR,NCR - MANILA,SAMPALOC,BARANGAY 563,39061165
NCR,NCR - MANILA,SAMPALOC,BARANGAY 564,39061166
NCR,NCR - MANILA,SAMPALOC,BARANGAY 564,39061167
NCR,NCR - MANILA,SAMPALOC,BARANGAY 565,39061168
NCR,NCR - MANILA,SAMPALOC,BARANGAY 565,39061169
NCR,NCR - MANILA,SAMPALOC,BARANGAY 566,39061170
NCR,NCR - MANILA,SAMPALOC,BARANGAY 566,39061171
NCR,NCR - MANILA,SAMPALOC,BARANGAY 567,39061172
NCR,NCR - MANILA,SAMPALOC,BARANGAY 567,39061173
NCR,NCR - MANILA,SAMPALOC,BARANGAY 568,39061174
NCR,NCR - MANILA,SAMPALOC,BARANGAY 568,39061175
NCR,NCR - MANILA,SAMPALOC,BARANGAY 569,39061176
NCR,NCR - MANILA,SAMPALOC,BARANGAY 569,39061177
NCR,NCR - MANILA,SAMPALOC,BARANGAY 570,39061178
NCR,NCR - MANILA,SAMPALOC,BARANGAY 570,39061179
NCR,NCR - MANILA,SAMPALOC,BARANGAY 571,39061180
NCR,NCR - MANILA,SAMPALOC,BARANGAY 571,39061181
NCR,NCR - MANILA,SAMPALOC,BARANGAY 572,39061182
NCR,NCR - MANILA,SAMPALOC,BARANGAY 572,39061183
NCR,NCR - MANILA,SAMPALOC,BARANGAY 573,39061184
NCR,NCR - MANILA,SAMPALOC,BARANGAY 574,39061185
NCR,NCR - MANILA,SAMPALOC,BARANGAY 574,39061186
NCR,NCR - MANILA,SAMPALOC,BARANGAY 575,39061187
NCR,NCR - MANILA,SAMPALOC,BARANGAY 575,39061188
NCR,NCR - MANILA,SAMPALOC,BARANGAY 576,39061189
NCR,NCR - MANILA,SAMPALOC,BARANGAY 576,39061190
NCR,NCR - MANILA,SAMPALOC,BARANGAY 576,39061191
NCR,NCR - MANILA,SAMPALOC,BARANGAY 577,39061192
NCR,NCR - MANILA,SAMPALOC,BARANGAY 578,39061193
NCR,NCR - MANILA,SAMPALOC,BARANGAY 579,39061194
NCR,NCR - MANILA,SAMPALOC,BARANGAY 579,39061195
NCR,NCR - MANILA,SAMPALOC,BARANGAY 580,39061196
NCR,NCR - MANILA,SAMPALOC,BARANGAY 580,39061197
NCR,NCR - MANILA,SAMPALOC,BARANGAY 581,39061198
NCR,NCR - MANILA,SAMPALOC,BARANGAY 581,39061199
NCR,NCR - MANILA,SAMPALOC,BARANGAY 581,39061200
NCR,NCR - MANILA,SAMPALOC,BARANGAY 582,39061201
NCR,NCR - MANILA,SAMPALOC,BARANGAY 582,39061202
NCR,NCR - MANILA,SAMPALOC,BARANGAY 583,39061203
NCR,NCR - MANILA,SAMPALOC,BARANGAY 584,39061204
NCR,NCR - MANILA,SAMPALOC,BARANGAY 584,39061205
NCR,NCR - MANILA,SAMPALOC,BARANGAY 584,39061206
NCR,NCR - MANILA,SAMPALOC,BARANGAY 585,39061207
NCR,NCR - MANILA,SAMPALOC,BARANGAY 586,39061208
NCR,NCR - MANILA,SAMPALOC,BARANGAY 586,39061209
NCR,NCR - MANILA,SAMPALOC,BARANGAY 587,39061575
NCR,NCR - MANILA,SAMPALOC,BARANGAY 587,39061576
NCR,NCR - MANILA,SAMPALOC,BARANGAY 587-A,39061577
NCR,NCR - MANILA,SAMPALOC,BARANGAY 587-A,39061578
NCR,NCR - MANILA,SAMPALOC,BARANGAY 588,39061579
NCR,NCR - MANILA,SAMPALOC,BARANGAY 589,39061580
NCR,NCR - MANILA,SAMPALOC,BARANGAY 590,39061581
NCR,NCR - MANILA,SAMPALOC,BARANGAY 590,39061582
NCR,NCR - MANILA,SAMPALOC,BARANGAY 590,39061583
NCR,NCR - MANILA,SAMPALOC,BARANGAY 591,39061584
NCR,NCR - MANILA,SAMPALOC,BARANGAY 591,39061585
NCR,NCR - MANILA,SAMPALOC,BARANGAY 592,39061586
NCR,NCR - MANILA,SAMPALOC,BARANGAY 592,39061587
NCR,NCR - MANILA,SAMPALOC,BARANGAY 593,39061588
NCR,NCR - MANILA,SAMPALOC,BARANGAY 593,39061589
NCR,NCR - MANILA,SAMPALOC,BARANGAY 594,39061590
NCR,NCR - MANILA,SAMPALOC,BARANGAY 595,39061591
NCR,NCR - MANILA,SAMPALOC,BARANGAY 595,39061592
NCR,NCR - MANILA,SAMPALOC,BARANGAY 596,39061593
NCR,NCR - MANILA,SAMPALOC,BARANGAY 596,39061594
NCR,NCR - MANILA,SAMPALOC,BARANGAY 597,39061595
NCR,NCR - MANILA,SAMPALOC,BARANGAY 597,39061596
NCR,NCR - MANILA,SAMPALOC,BARANGAY 598,39061597
NCR,NCR - MANILA,SAMPALOC,BARANGAY 598,39061598
NCR,NCR - MANILA,SAMPALOC,BARANGAY 598,39061599
NCR,NCR - MANILA,SAMPALOC,BARANGAY 598,39061600
NCR,NCR - MANILA,SAMPALOC,BARANGAY 598,39061601
NCR,NCR - MANILA,SAMPALOC,BARANGAY 598,39061602
NCR,NCR - MANILA,SAMPALOC,BARANGAY 598,39061603
NCR,NCR - MANILA,SAMPALOC,BARANGAY 598,39061604
NCR,NCR - MANILA,SAMPALOC,BARANGAY 599,39061605
NCR,NCR - MANILA,SAMPALOC,BARANGAY 599,39061606
NCR,NCR - MANILA,SAMPALOC,BARANGAY 599,39061607
NCR,NCR - MANILA,SAMPALOC,BARANGAY 600,39061608
NCR,NCR - MANILA,SAMPALOC,BARANGAY 600,39061609
NCR,NCR - MANILA,SAMPALOC,BARANGAY 600,39061610
NCR,NCR - MANILA,SAMPALOC,BARANGAY 600,39061611
NCR,NCR - MANILA,SAMPALOC,BARANGAY 601,39061612
NCR,NCR - MANILA,SAMPALOC,BARANGAY 601,39061613
NCR,NCR - MANILA,SAMPALOC,BARANGAY 601,39061614
NCR,NCR - MANILA,SAMPALOC,BARANGAY 601,39061615
NCR,NCR - MANILA,SAMPALOC,BARANGAY 601,39061616
NCR,NCR - MANILA,SAMPALOC,BARANGAY 601,39061617
NCR,NCR - MANILA,SAMPALOC,BARANGAY 602,39061618
NCR,NCR - MANILA,SAMPALOC,BARANGAY 602,39061619
NCR,NCR - MANILA,SAMPALOC,BARANGAY 603,39061620
NCR,NCR - MANILA,SAMPALOC,BARANGAY 604,39061621
NCR,NCR - MANILA,SAMPALOC,BARANGAY 604,39061622
NCR,NCR - MANILA,SAMPALOC,BARANGAY 605,39061623
NCR,NCR - MANILA,SAMPALOC,BARANGAY 606,39061624
NCR,NCR - MANILA,SAMPALOC,BARANGAY 607,39061625
NCR,NCR - MANILA,SAMPALOC,BARANGAY 607,39061626
NCR,NCR - MANILA,SAMPALOC,BARANGAY 608,39061627
NCR,NCR - MANILA,SAMPALOC,BARANGAY 609,39061628
NCR,NCR - MANILA,SAMPALOC,BARANGAY 610,39061629
NCR,NCR - MANILA,SAMPALOC,BARANGAY 611,39061630
NCR,NCR - MANILA,SAMPALOC,BARANGAY 612,39061631
NCR,NCR - MANILA,SAMPALOC,BARANGAY 613,39061632
NCR,NCR - MANILA,SAMPALOC,BARANGAY 614,39061633
NCR,NCR - MANILA,SAMPALOC,BARANGAY 615,39061634
NCR,NCR - MANILA,SAMPALOC,BARANGAY 615,39061635
NCR,NCR - MANILA,SAMPALOC,BARANGAY 616,39061636
NCR,NCR - MANILA,SAMPALOC,BARANGAY 617,39061637
NCR,NCR - MANILA,SAMPALOC,BARANGAY 618,39061638
NCR,NCR - MANILA,SAMPALOC,BARANGAY 619,39061639
NCR,NCR - MANILA,SAMPALOC,BARANGAY 620,39061640
NCR,NCR - MANILA,SAMPALOC,BARANGAY 621,39061641
NCR,NCR - MANILA,SAMPALOC,BARANGAY 621,39061642
NCR,NCR - MANILA,SAMPALOC,BARANGAY 622,39061643
NCR,NCR - MANILA,SAMPALOC,BARANGAY 623,39061644
NCR,NCR - MANILA,SAMPALOC,BARANGAY 624,39061645
NCR,NCR - MANILA,SAMPALOC,BARANGAY 625,39061646
NCR,NCR - MANILA,SAMPALOC,BARANGAY 626,39061647
NCR,NCR - MANILA,SAMPALOC,BARANGAY 626,39061648
NCR,NCR - MANILA,SAMPALOC,BARANGAY 627,39061649
NCR,NCR - MANILA,SAMPALOC,BARANGAY 628,39061650
NCR,NCR - MANILA,SAMPALOC,BARANGAY 628,39061651
NCR,NCR - MANILA,SAMPALOC,BARANGAY 628,39061652
NCR,NCR - MANILA,SAMPALOC,BARANGAY 628,39061653
NCR,NCR - MANILA,SAMPALOC,BARANGAY 628,39061654
NCR,NCR - MANILA,SAMPALOC,BARANGAY 628,39061655
NCR,NCR - MANILA,SAMPALOC,BARANGAY 628,39061656
NCR,NCR - MANILA,SAMPALOC,BARANGAY 629,39061657
NCR,NCR - MANILA,SAMPALOC,BARANGAY 629,39061658
NCR,NCR - MANILA,SAMPALOC,BARANGAY 630,39061659
NCR,NCR - MANILA,SAMPALOC,BARANGAY 630,39061660
NCR,NCR - MANILA,SAMPALOC,BARANGAY 631,39061661
NCR,NCR - MANILA,SAMPALOC,BARANGAY 631,39061662
NCR,NCR - MANILA,SAMPALOC,BARANGAY 632,39061663
NCR,NCR - MANILA,SAMPALOC,BARANGAY 633,39061664
NCR,NCR - MANILA,SAMPALOC,BARANGAY 633,39061665
NCR,NCR - MANILA,SAMPALOC,BARANGAY 634,39061666
NCR,NCR - MANILA,SAMPALOC,BARANGAY 634,39061667
NCR,NCR - MANILA,SAMPALOC,BARANGAY 635,39061668
NCR,NCR - MANILA,SAMPALOC,BARANGAY 636,39061669
NCR,NCR - MANILA,SAMPALOC,BARANGAY 636,39061670
NCR,NCR - MANILA,SAN MIGUEL,BARANGAY 637,39071671
NCR,NCR - MANILA,SAN MIGUEL,BARANGAY 637,39071672
NCR,NCR - MANILA,SAN MIGUEL,BARANGAY 638,39071673
NCR,NCR - MANILA,SAN MIGUEL,BARANGAY 639,39071674
NCR,NCR - MANILA,SAN MIGUEL,BARANGAY 640,39071675
NCR,NCR - MANILA,SAN MIGUEL,BARANGAY 640,39071676
NCR,NCR - MANILA,SAN MIGUEL,BARANGAY 641,39071677
NCR,NCR - MANILA,SAN MIGUEL,BARANGAY 642,39071678
NCR,NCR - MANILA,SAN MIGUEL,BARANGAY 642,39071679
NCR,NCR - MANILA,SAN MIGUEL,BARANGAY 643,39071680
NCR,NCR - MANILA,SAN MIGUEL,BARANGAY 644,39071681
NCR,NCR - MANILA,SAN MIGUEL,BARANGAY 645,39071682
NCR,NCR - MANILA,SAN MIGUEL,BARANGAY 645,39071683
NCR,NCR - MANILA,SAN MIGUEL,BARANGAY 646,39071684
NCR,NCR - MANILA,SAN MIGUEL,BARANGAY 646,39071685
NCR,NCR - MANILA,SAN MIGUEL,BARANGAY 647,39071686
NCR,NCR - MANILA,SAN MIGUEL,BARANGAY 647,39071687
NCR,NCR - MANILA,SAN MIGUEL,BARANGAY 648,39071688
NCR,NCR - MANILA,SAN MIGUEL,BARANGAY 648,39071689
NCR,NCR - MANILA,SAN MIGUEL,BARANGAY 648,39071690
NCR,NCR - MANILA,SAN MIGUEL,BARANGAY 648,39071691
NCR,NCR - MANILA,SAN MIGUEL,BARANGAY 648,39071692
NCR,NCR - MANILA,SAN MIGUEL,BARANGAY 648,39071693
NCR,NCR - MANILA,SAN NICOLAS,BARANGAY 268,39040648
NCR,NCR - MANILA,SAN NICOLAS,BARANGAY 269,39040649
NCR,NCR - MANILA,SAN NICOLAS,BARANGAY 269,39040650
NCR,NCR - MANILA,SAN NICOLAS,BARANGAY 269,39040651
NCR,NCR - MANILA,SAN NICOLAS,BARANGAY 269,39040652
NCR,NCR - MANILA,SAN NICOLAS,BARANGAY 270,39040653
NCR,NCR - MANILA,SAN NICOLAS,BARANGAY 270,39040654
NCR,NCR - MANILA,SAN NICOLAS,BARANGAY 271,39040655
NCR,NCR - MANILA,SAN NICOLAS,BARANGAY 271,39040656
NCR,NCR - MANILA,SAN NICOLAS,BARANGAY 272,39040657
NCR,NCR - MANILA,SAN NICOLAS,BARANGAY 272,39040658
NCR,NCR - MANILA,SAN NICOLAS,BARANGAY 273,39040659
NCR,NCR - MANILA,SAN NICOLAS,BARANGAY 273,39040660
NCR,NCR - MANILA,SAN NICOLAS,BARANGAY 274,39040661
NCR,NCR - MANILA,SAN NICOLAS,BARANGAY 274,39040662
NCR,NCR - MANILA,SAN NICOLAS,BARANGAY 274,39040663
NCR,NCR - MANILA,SAN NICOLAS,BARANGAY 274,39040664
NCR,NCR - MANILA,SAN NICOLAS,BARANGAY 275,39040665
NCR,NCR - MANILA,SAN NICOLAS,BARANGAY 275,39040666
NCR,NCR - MANILA,SAN NICOLAS,BARANGAY 275,39040667
NCR,NCR - MANILA,SAN NICOLAS,BARANGAY 275,39040668
NCR,NCR - MANILA,SAN NICOLAS,BARANGAY 275,39040669
NCR,NCR - MANILA,SAN NICOLAS,BARANGAY 275,39040670
NCR,NCR - MANILA,SAN NICOLAS,BARANGAY 275,39040671
NCR,NCR - MANILA,SAN NICOLAS,BARANGAY 275,39040672
NCR,NCR - MANILA,SAN NICOLAS,BARANGAY 275,39040673
NCR,NCR - MANILA,SAN NICOLAS,BARANGAY 275,39040674
NCR,NCR - MANILA,SAN NICOLAS,BARANGAY 275,39040675
NCR,NCR - MANILA,SAN NICOLAS,BARANGAY 275,39040676
NCR,NCR - MANILA,SAN NICOLAS,BARANGAY 275,39040677
NCR,NCR - MANILA,SAN NICOLAS,BARANGAY 275,39040678
NCR,NCR - MANILA,SAN NICOLAS,BARANGAY 275,39040679
NCR,NCR - MANILA,SAN NICOLAS,BARANGAY 276,39040680
NCR,NCR - MANILA,SAN NICOLAS,BARANGAY 276,39040681
NCR,NCR - MANILA,SAN NICOLAS,BARANGAY 276,39040682
NCR,NCR - MANILA,SAN NICOLAS,BARANGAY 281,39040683
NCR,NCR - MANILA,SAN NICOLAS,BARANGAY 281,39040684
NCR,NCR - MANILA,SAN NICOLAS,BARANGAY 281,39040685
NCR,NCR - MANILA,SAN NICOLAS,BARANGAY 282,39040686
NCR,NCR - MANILA,SAN NICOLAS,BARANGAY 282,39040687
NCR,NCR - MANILA,SAN NICOLAS,BARANGAY 282,39040688
NCR,NCR - MANILA,SAN NICOLAS,BARANGAY 283,39040689
NCR,NCR - MANILA,SAN NICOLAS,BARANGAY 283,39040690
NCR,NCR - MANILA,SAN NICOLAS,BARANGAY 284,39040691
NCR,NCR - MANILA,SAN NICOLAS,BARANGAY 284,39040692
NCR,NCR - MANILA,SAN NICOLAS,BARANGAY 285,39040693
NCR,NCR - MANILA,SAN NICOLAS,BARANGAY 285,39040694
NCR,NCR - MANILA,SAN NICOLAS,BARANGAY 286,39040695
NCR,NCR - MANILA,SAN NICOLAS,BARANGAY 286,39040696
NCR,NCR - MANILA,SAN NICOLAS,BARANGAY 286,39040697
NCR,NCR - MANILA,SAN NICOLAS,BARANGAY 286,39040698
NCR,NCR - MANILA,SAN NICOLAS,BARANGAY 286,39040699
NCR,NCR - MANILA,SAN NICOLAS,BARANGAY 286,39040700
NCR,NCR - MANILA,SANTA ANA,BARANGAY 745,39141418
NCR,NCR - MANILA,SANTA ANA,BARANGAY 745,39141419
NCR,NCR - MANILA,SANTA ANA,BARANGAY 746,39141420
NCR,NCR - MANILA,SANTA ANA,BARANGAY 746,39141421
NCR,NCR - MANILA,SANTA ANA,BARANGAY 747,39141422
NCR,NCR - MANILA,SANTA ANA,BARANGAY 748,39141423
NCR,NCR - MANILA,SANTA ANA,BARANGAY 749,39141424
NCR,NCR - MANILA,SANTA ANA,BARANGAY 750,39141425
NCR,NCR - MANILA,SANTA ANA,BARANGAY 751,39141426
NCR,NCR - MANILA,SANTA ANA,BARANGAY 752,39141427
NCR,NCR - MANILA,SANTA ANA,BARANGAY 753,39141428
NCR,NCR - MANILA,SANTA ANA,BARANGAY 753,39141429
NCR,NCR - MANILA,SANTA ANA,BARANGAY 754,39141430
NCR,NCR - MANILA,SANTA ANA,BARANGAY 754,39141431
NCR,NCR - MANILA,SANTA ANA,BARANGAY 755,39141432
NCR,NCR - MANILA,SANTA ANA,BARANGAY 756,39141433
NCR,NCR - MANILA,SANTA ANA,BARANGAY 757,39141434
NCR,NCR - MANILA,SANTA ANA,BARANGAY 758,39141435
NCR,NCR - MANILA,SANTA ANA,BARANGAY 759,39141436
NCR,NCR - MANILA,SANTA ANA,BARANGAY 760,39141437
NCR,NCR - MANILA,SANTA ANA,BARANGAY 761,39141438
NCR,NCR - MANILA,SANTA ANA,BARANGAY 762,39141439
NCR,NCR - MANILA,SANTA ANA,BARANGAY 763,39141440
NCR,NCR - MANILA,SANTA ANA,BARANGAY 763,39141441
NCR,NCR - MANILA,SANTA ANA,BARANGAY 764,39141442
NCR,NCR - MANILA,SANTA ANA,BARANGAY 764,39141443
NCR,NCR - MANILA,SANTA ANA,BARANGAY 765,39141444
NCR,NCR - MANILA,SANTA ANA,BARANGAY 765,39141445
NCR,NCR - MANILA,SANTA ANA,BARANGAY 766,39141446
NCR,NCR - MANILA,SANTA ANA,BARANGAY 766,39141447
NCR,NCR - MANILA,SANTA ANA,BARANGAY 766,39141448
NCR,NCR - MANILA,SANTA ANA,BARANGAY 767,39141449
NCR,NCR - MANILA,SANTA ANA,BARANGAY 767,39141450
NCR,NCR - MANILA,SANTA ANA,BARANGAY 767,39141451
NCR,NCR - MANILA,SANTA ANA,BARANGAY 768,39141452
NCR,NCR - MANILA,SANTA ANA,BARANGAY 769,39141453
NCR,NCR - MANILA,SANTA ANA,BARANGAY 769,39141454
NCR,NCR - MANILA,SANTA ANA,BARANGAY 770,39141455
NCR,NCR - MANILA,SANTA ANA,BARANGAY 770,39141456
NCR,NCR - MANILA,SANTA ANA,BARANGAY 770,39141457
NCR,NCR - MANILA,SANTA ANA,BARANGAY 770,39141458
NCR,NCR - MANILA,SANTA ANA,BARANGAY 770,39141459
NCR,NCR - MANILA,SANTA ANA,BARANGAY 770,39141460
NCR,NCR - MANILA,SANTA ANA,BARANGAY 771,39141461
NCR,NCR - MANILA,SANTA ANA,BARANGAY 771,39141462
NCR,NCR - MANILA,SANTA ANA,BARANGAY 772,39141463
NCR,NCR - MANILA,SANTA ANA,BARANGAY 772,39141464
NCR,NCR - MANILA,SANTA ANA,BARANGAY 772,39141465
NCR,NCR - MANILA,SANTA ANA,BARANGAY 773,39141466
NCR,NCR - MANILA,SANTA ANA,BARANGAY 773,39141467
NCR,NCR - MANILA,SANTA ANA,BARANGAY 774,39141468
NCR,NCR - MANILA,SANTA ANA,BARANGAY 774,39141469
NCR,NCR - MANILA,SANTA ANA,BARANGAY 774,39141470
NCR,NCR - MANILA,SANTA ANA,BARANGAY 775,39141471
NCR,NCR - MANILA,SANTA ANA,BARANGAY 775,39141472
NCR,NCR - MANILA,SANTA ANA,BARANGAY 775,39141473
NCR,NCR - MANILA,SANTA ANA,BARANGAY 775,39141474
NCR,NCR - MANILA,SANTA ANA,BARANGAY 775,39141475
NCR,NCR - MANILA,SANTA ANA,BARANGAY 775,39141476
NCR,NCR - MANILA,SANTA ANA,BARANGAY 775,39141477
NCR,NCR - MANILA,SANTA ANA,BARANGAY 776,39141478
NCR,NCR - MANILA,SANTA ANA,BARANGAY 776,39141479
NCR,NCR - MANILA,SANTA ANA,BARANGAY 776,39141480
NCR,NCR - MANILA,SANTA ANA,BARANGAY 776,39141481
NCR,NCR - MANILA,SANTA ANA,BARANGAY 777,39141482
NCR,NCR - MANILA,SANTA ANA,BARANGAY 777,39141483
NCR,NCR - MANILA,SANTA ANA,BARANGAY 777,39141484
NCR,NCR - MANILA,SANTA ANA,BARANGAY 778,39141485
NCR,NCR - MANILA,SANTA ANA,BARANGAY 778,39141486
NCR,NCR - MANILA,SANTA ANA,BARANGAY 779,39141487
NCR,NCR - MANILA,SANTA ANA,BARANGAY 779,39141488
NCR,NCR - MANILA,SANTA ANA,BARANGAY 779,39141489
NCR,NCR - MANILA,SANTA ANA,BARANGAY 780,39141490
NCR,NCR - MANILA,SANTA ANA,BARANGAY 780,39141491
NCR,NCR - MANILA,SANTA ANA,BARANGAY 781,39141492
NCR,NCR - MANILA,SANTA ANA,BARANGAY 781,39141493
NCR,NCR - MANILA,SANTA ANA,BARANGAY 781,39141494
NCR,NCR - MANILA,SANTA ANA,BARANGAY 782,39141495
NCR,NCR - MANILA,SANTA ANA,BARANGAY 783,39141496
NCR,NCR - MANILA,SANTA ANA,BARANGAY 783,39141497
NCR,NCR - MANILA,SANTA ANA,BARANGAY 784,39141498
NCR,NCR - MANILA,SANTA ANA,BARANGAY 784,39141499
NCR,NCR - MANILA,SANTA ANA,BARANGAY 784,39141500
NCR,NCR - MANILA,SANTA ANA,BARANGAY 785,39141501
NCR,NCR - MANILA,SANTA ANA,BARANGAY 786,39141502
NCR,NCR - MANILA,SANTA ANA,BARANGAY 786,39141503
NCR,NCR - MANILA,SANTA ANA,BARANGAY 787,39141504
NCR,NCR - MANILA,SANTA ANA,BARANGAY 787,39141505
NCR,NCR - MANILA,SANTA ANA,BARANGAY 788,39141506
NCR,NCR - MANILA,SANTA ANA,BARANGAY 789,39141507
NCR,NCR - MANILA,SANTA ANA,BARANGAY 789,39141508
NCR,NCR - MANILA,SANTA ANA,BARANGAY 790,39141509
NCR,NCR - MANILA,SANTA ANA,BARANGAY 790,39141510
NCR,NCR - MANILA,SANTA ANA,BARANGAY 791,39141511
NCR,NCR - MANILA,SANTA ANA,BARANGAY 791,39141512
NCR,NCR - MANILA,SANTA ANA,BARANGAY 792,39141513
NCR,NCR - MANILA,SANTA ANA,BARANGAY 792,39141514
NCR,NCR - MANILA,SANTA ANA,BARANGAY 793,39141515
NCR,NCR - MANILA,SANTA ANA,BARANGAY 793,39141516
NCR,NCR - MANILA,SANTA ANA,BARANGAY 794,39141517
NCR,NCR - MANILA,SANTA ANA,BARANGAY 795,39141518
NCR,NCR - MANILA,SANTA ANA,BARANGAY 796,39141519
NCR,NCR - MANILA,SANTA ANA,BARANGAY 797,39141520
NCR,NCR - MANILA,SANTA ANA,BARANGAY 798,39141521
NCR,NCR - MANILA,SANTA ANA,BARANGAY 798,39141522
NCR,NCR - MANILA,SANTA ANA,BARANGAY 799,39141523
NCR,NCR - MANILA,SANTA ANA,BARANGAY 800,39141524
NCR,NCR - MANILA,SANTA ANA,BARANGAY 800,39141525
NCR,NCR - MANILA,SANTA ANA,BARANGAY 801,39141526
NCR,NCR - MANILA,SANTA ANA,BARANGAY 802,39141527
NCR,NCR - MANILA,SANTA ANA,BARANGAY 802,39141528
NCR,NCR - MANILA,SANTA ANA,BARANGAY 803,39141529
NCR,NCR - MANILA,SANTA ANA,BARANGAY 804,39141530
NCR,NCR - MANILA,SANTA ANA,BARANGAY 805,39141531
NCR,NCR - MANILA,SANTA ANA,BARANGAY 806,39141532
NCR,NCR - MANILA,SANTA ANA,BARANGAY 807,39141533
NCR,NCR - MANILA,SANTA ANA,BARANGAY 807,39141534
NCR,NCR - MANILA,SANTA ANA,BARANGAY 808,39141535
NCR,NCR - MANILA,SANTA ANA,BARANGAY 818-A,39141554
NCR,NCR - MANILA,SANTA ANA,BARANGAY 818-A,39141555
NCR,NCR - MANILA,SANTA ANA,BARANGAY 866,39141777
NCR,NCR - MANILA,SANTA ANA,BARANGAY 866,39141778
NCR,NCR - MANILA,SANTA ANA,BARANGAY 866,39141779
NCR,NCR - MANILA,SANTA ANA,BARANGAY 873,39141793
NCR,NCR - MANILA,SANTA ANA,BARANGAY 874,39141794
NCR,NCR - MANILA,SANTA ANA,BARANGAY 874,39141795
NCR,NCR - MANILA,SANTA ANA,BARANGAY 874,39141796
NCR,NCR - MANILA,SANTA ANA,BARANGAY 875,39141797
NCR,NCR - MANILA,SANTA ANA,BARANGAY 875,39141798
NCR,NCR - MANILA,SANTA ANA,BARANGAY 876,39141799
NCR,NCR - MANILA,SANTA ANA,BARANGAY 877,39141800
NCR,NCR - MANILA,SANTA ANA,BARANGAY 877,39141801
NCR,NCR - MANILA,SANTA ANA,BARANGAY 878,39141802
NCR,NCR - MANILA,SANTA ANA,BARANGAY 878,39141803
NCR,NCR - MANILA,SANTA ANA,BARANGAY 879,39141804
NCR,NCR - MANILA,SANTA ANA,BARANGAY 880,39141805
NCR,NCR - MANILA,SANTA ANA,BARANGAY 880,39141806
NCR,NCR - MANILA,SANTA ANA,BARANGAY 881,39141807
NCR,NCR - MANILA,SANTA ANA,BARANGAY 881,39141808
NCR,NCR - MANILA,SANTA ANA,BARANGAY 881,39141809
NCR,NCR - MANILA,SANTA ANA,BARANGAY 882,39141810
NCR,NCR - MANILA,SANTA ANA,BARANGAY 882,39141811
NCR,NCR - MANILA,SANTA ANA,BARANGAY 883,39141812
NCR,NCR - MANILA,SANTA ANA,BARANGAY 883,39141813
NCR,NCR - MANILA,SANTA ANA,BARANGAY 884,39141814
NCR,NCR - MANILA,SANTA ANA,BARANGAY 884,39141815
NCR,NCR - MANILA,SANTA ANA,BARANGAY 885,39141816
NCR,NCR - MANILA,SANTA ANA,BARANGAY 886,39141817
NCR,NCR - MANILA,SANTA ANA,BARANGAY 887,39141818
NCR,NCR - MANILA,SANTA ANA,BARANGAY 888,39141819
NCR,NCR - MANILA,SANTA ANA,BARANGAY 889,39141820
NCR,NCR - MANILA,SANTA ANA,BARANGAY 890,39141821
NCR,NCR - MANILA,SANTA ANA,BARANGAY 891,39141822
NCR,NCR - MANILA,SANTA ANA,BARANGAY 892,39141823
NCR,NCR - MANILA,SANTA ANA,BARANGAY 893,39141824
NCR,NCR - MANILA,SANTA ANA,BARANGAY 894,39141825
NCR,NCR - MANILA,SANTA ANA,BARANGAY 894,39141826
NCR,NCR - MANILA,SANTA ANA,BARANGAY 895,39141827
NCR,NCR - MANILA,SANTA ANA,BARANGAY 896,39141828
NCR,NCR - MANILA,SANTA ANA,BARANGAY 897,39141829
NCR,NCR - MANILA,SANTA ANA,BARANGAY 897,39141830
NCR,NCR - MANILA,SANTA ANA,BARANGAY 898,39141831
NCR,NCR - MANILA,SANTA ANA,BARANGAY 898,39141832
NCR,NCR - MANILA,SANTA ANA,BARANGAY 898,39141833
NCR,NCR - MANILA,SANTA ANA,BARANGAY 898,39141834
NCR,NCR - MANILA,SANTA ANA,BARANGAY 899,39141835
NCR,NCR - MANILA,SANTA ANA,BARANGAY 899,39141836
NCR,NCR - MANILA,SANTA ANA,BARANGAY 900,39141837
NCR,NCR - MANILA,SANTA ANA,BARANGAY 900,39141838
NCR,NCR - MANILA,SANTA ANA,BARANGAY 900,39141839
NCR,NCR - MANILA,SANTA ANA,BARANGAY 900,39141840
NCR,NCR - MANILA,SANTA ANA,BARANGAY 900,39141841
NCR,NCR - MANILA,SANTA ANA,BARANGAY 900,39141842
NCR,NCR - MANILA,SANTA ANA,BARANGAY 900,39141843
NCR,NCR - MANILA,SANTA ANA,BARANGAY 901,39141844
NCR,NCR - MANILA,SANTA ANA,BARANGAY 901,39141845
NCR,NCR - MANILA,SANTA ANA,BARANGAY 902,39141846
NCR,NCR - MANILA,SANTA ANA,BARANGAY 902,39141847
NCR,NCR - MANILA,SANTA ANA,BARANGAY 903,39141848
NCR,NCR - MANILA,SANTA ANA,BARANGAY 903,39141849
NCR,NCR - MANILA,SANTA ANA,BARANGAY 903,39141850
NCR,NCR - MANILA,SANTA ANA,BARANGAY 903,39141851
NCR,NCR - MANILA,SANTA ANA,BARANGAY 904,39141852
NCR,NCR - MANILA,SANTA ANA,BARANGAY 904,39141853
NCR,NCR - MANILA,SANTA ANA,BARANGAY 905,39141854
NCR,NCR - MANILA,SANTA ANA,BARANGAY 905,39141855
NCR,NCR - MANILA,SANTA ANA,BARANGAY 905,39141856
NCR,NCR - MANILA,SANTA ANA,BARANGAY 905,39141857
NCR,NCR - MANILA,SANTA ANA,BARANGAY 905,39141858
NCR,NCR - MANILA,SANTA ANA,BARANGAY 905,39141859
NCR,NCR - MANILA,SANTA CRUZ,BARANGAY 297,39050718
NCR,NCR - MANILA,SANTA CRUZ,BARANGAY 297,39050719
NCR,NCR - MANILA,SANTA CRUZ,BARANGAY 298,39050720
NCR,NCR - MANILA,SANTA CRUZ,BARANGAY 299,39050721
NCR,NCR - MANILA,SANTA CRUZ,BARANGAY 299,39050722
NCR,NCR - MANILA,SANTA CRUZ,BARANGAY 300,39050723
NCR,NCR - MANILA,SANTA CRUZ,BARANGAY 301,39050724
NCR,NCR - MANILA,SANTA CRUZ,BARANGAY 302,39050725
NCR,NCR - MANILA,SANTA CRUZ,BARANGAY 303,39050726
NCR,NCR - MANILA,SANTA CRUZ,BARANGAY 303,39050727
NCR,NCR - MANILA,SANTA CRUZ,BARANGAY 304,39050728
NCR,NCR - MANILA,SANTA CRUZ,BARANGAY 304,39050729
NCR,NCR - MANILA,SANTA CRUZ,BARANGAY 305,39050730
NCR,NCR - MANILA,SANTA CRUZ,BARANGAY 305,39050731
NCR,NCR - MANILA,SANTA CRUZ,BARANGAY 310,39050743
NCR,NCR - MANILA,SANTA CRUZ,BARANGAY 310,39050744
NCR,NCR - MANILA,SANTA CRUZ,BARANGAY 310,39050745
NCR,NCR - MANILA,SANTA CRUZ,BARANGAY 310,39050746
NCR,NCR - MANILA,SANTA CRUZ,BARANGAY 310,39050747
NCR,NCR - MANILA,SANTA CRUZ,BARANGAY 310,39050748
NCR,NCR - MANILA,SANTA CRUZ,BARANGAY 310,39050749
NCR,NCR - MANILA,SANTA CRUZ,BARANGAY 310,39050750
NCR,NCR - MANILA,SANTA CRUZ,BARANGAY 310,39050751
NCR,NCR - MANILA,SANTA CRUZ,BARANGAY 310,39050752
NCR,NCR - MANILA,SANTA CRUZ,BARANGAY 310,39050753
NCR,NCR - MANILA,SANTA CRUZ,BARANGAY 310,39050754
NCR,NCR - MANILA,SANTA CRUZ,BARANGAY 310,39050755
NCR,NCR - MANILA,SANTA CRUZ,BARANGAY 311,39050756
NCR,NCR - MANILA,SANTA CRUZ,BARANGAY 311,39050757
NCR,NCR - MANILA,SANTA CRUZ,BARANGAY 312,39050758
NCR,NCR - MANILA,SANTA CRUZ,BARANGAY 312,39050759
NCR,NCR - MANILA,SANTA CRUZ,BARANGAY 312,39050760
NCR,NCR - MANILA,SANTA CRUZ,BARANGAY 313,39050761
NCR,NCR - MANILA,SANTA CRUZ,BARANGAY 313,39050762
NCR,NCR - MANILA,SANTA CRUZ,BARANGAY 313,39050763
NCR,NCR - MANILA,SANTA CRUZ,BARANGAY 314,39050764
NCR,NCR - MANILA,SANTA CRUZ,BARANGAY 314,39050765
NCR,NCR - MANILA,SANTA CRUZ,BARANGAY 315,39050766
NCR,NCR - MANILA,SANTA CRUZ,BARANGAY 315,39050767
NCR,NCR - MANILA,SANTA CRUZ,BARANGAY 315,39050768
NCR,NCR - MANILA,SANTA CRUZ,BARANGAY 316,39050769
NCR,NCR - MANILA,SANTA CRUZ,BARANGAY 317,39050770
NCR,NCR - MANILA,SANTA CRUZ,BARANGAY 317,39050771
NCR,NCR - MANILA,SANTA CRUZ,BARANGAY 318,39050772
NCR,NCR - MANILA,SANTA CRUZ,BARANGAY 319,39050773
NCR,NCR - MANILA,SANTA CRUZ,BARANGAY 320,39050774
NCR,NCR - MANILA,SANTA CRUZ,BARANGAY 320,39050775
NCR,NCR - MANILA,SANTA CRUZ,BARANGAY 321,39050776
NCR,NCR - MANILA,SANTA CRUZ,BARANGAY 322,39050777
NCR,NCR - MANILA,SANTA CRUZ,BARANGAY 323,39050778
NCR,NCR - MANILA,SANTA CRUZ,BARANGAY 323,39050779
NCR,NCR - MANILA,SANTA CRUZ,BARANGAY 324,39050780
NCR,NCR - MANILA,SANTA CRUZ,BARANGAY 325,39050781
NCR,NCR - MANILA,SANTA CRUZ,BARANGAY 326,39050782
NCR,NCR - MANILA,SANTA CRUZ,BARANGAY 327,39050783
NCR,NCR - MANILA,SANTA CRUZ,BARANGAY 327,39050784
NCR,NCR - MANILA,SANTA CRUZ,BARANGAY 328,39050785
NCR,NCR - MANILA,SANTA CRUZ,BARANGAY 329,39050786
NCR,NCR - MANILA,SANTA CRUZ,BARANGAY 330,39050787
NCR,NCR - MANILA,SANTA CRUZ,BARANGAY 330,39050788
NCR,NCR - MANILA,SANTA CRUZ,BARANGAY 331,39050789
NCR,NCR - MANILA,SANTA CRUZ,BARANGAY 332,39050790
NCR,NCR - MANILA,SANTA CRUZ,BARANGAY 333,39050791
NCR,NCR - MANILA,SANTA CRUZ,BARANGAY 333,39050792
NCR,NCR - MANILA,SANTA CRUZ,BARANGAY 334,39050793
NCR,NCR - MANILA,SANTA CRUZ,BARANGAY 334,39050794
NCR,NCR - MANILA,SANTA CRUZ,BARANGAY 335,39050795
NCR,NCR - MANILA,SANTA CRUZ,BARANGAY 335,39050796
NCR,NCR - MANILA,SANTA CRUZ,BARANGAY 336,39050797
NCR,NCR - MANILA,SANTA CRUZ,BARANGAY 336,39050798
NCR,NCR - MANILA,SANTA CRUZ,BARANGAY 337,39050799
NCR,NCR - MANILA,SANTA CRUZ,BARANGAY 337,39050800
NCR,NCR - MANILA,SANTA CRUZ,BARANGAY 338,39050801
NCR,NCR - MANILA,SANTA CRUZ,BARANGAY 338,39050802
NCR,NCR - MANILA,SANTA CRUZ,BARANGAY 339,39050803
NCR,NCR - MANILA,SANTA CRUZ,BARANGAY 339,39050804
NCR,NCR - MANILA,SANTA CRUZ,BARANGAY 340,39050805
NCR,NCR - MANILA,SANTA CRUZ,BARANGAY 340,39050806
NCR,NCR - MANILA,SANTA CRUZ,BARANGAY 340,39050807
NCR,NCR - MANILA,SANTA CRUZ,BARANGAY 341,39050808
NCR,NCR - MANILA,SANTA CRUZ,BARANGAY 341,39050809
NCR,NCR - MANILA,SANTA CRUZ,BARANGAY 342,39050810
NCR,NCR - MANILA,SANTA CRUZ,BARANGAY 342,39050811
NCR,NCR - MANILA,SANTA CRUZ,BARANGAY 343,39050812
NCR,NCR - MANILA,SANTA CRUZ,BARANGAY 343,39050813
NCR,NCR - MANILA,SANTA CRUZ,BARANGAY 343,39050814
NCR,NCR - MANILA,SANTA CRUZ,BARANGAY 344,39050815
NCR,NCR - MANILA,SANTA CRUZ,BARANGAY 344,39050816
NCR,NCR - MANILA,SANTA CRUZ,BARANGAY 345,39050817
NCR,NCR - MANILA,SANTA CRUZ,BARANGAY 345,39050818
NCR,NCR - MANILA,SANTA CRUZ,BARANGAY 345,39050819
NCR,NCR - MANILA,SANTA CRUZ,BARANGAY 346,39050820
NCR,NCR - MANILA,SANTA CRUZ,BARANGAY 346,39050821
NCR,NCR - MANILA,SANTA CRUZ,BARANGAY 347,39050822
NCR,NCR - MANILA,SANTA CRUZ,BARANGAY 347,39050823
NCR,NCR - MANILA,SANTA CRUZ,BARANGAY 348,39050824
NCR,NCR - MANILA,SANTA CRUZ,BARANGAY 348,39050825
NCR,NCR - MANILA,SANTA CRUZ,BARANGAY 349,39050826
NCR,NCR - MANILA,SANTA CRUZ,BARANGAY 349,39050827
NCR,NCR - MANILA,SANTA CRUZ,BARANGAY 350,39050828
NCR,NCR - MANILA,SANTA CRUZ,BARANGAY 350,39050829
NCR,NCR - MANILA,SANTA CRUZ,BARANGAY 351,39050830
NCR,NCR - MANILA,SANTA CRUZ,BARANGAY 351,39050831
NCR,NCR - MANILA,SANTA CRUZ,BARANGAY 351,39050832
NCR,NCR - MANILA,SANTA CRUZ,BARANGAY 352,39050833
NCR,NCR - MANILA,SANTA CRUZ,BARANGAY 352,39050834
NCR,NCR - MANILA,SANTA CRUZ,BARANGAY 353,39050835
NCR,NCR - MANILA,SANTA CRUZ,BARANGAY 353,39050836
NCR,NCR - MANILA,SANTA CRUZ,BARANGAY 353,39050837
NCR,NCR - MANILA,SANTA CRUZ,BARANGAY 354,39050838
NCR,NCR - MANILA,SANTA CRUZ,BARANGAY 354,39050839
NCR,NCR - MANILA,SANTA CRUZ,BARANGAY 355,39050840
NCR,NCR - MANILA,SANTA CRUZ,BARANGAY 355,39050841
NCR,NCR - MANILA,SANTA CRUZ,BARANGAY 356,39050842
NCR,NCR - MANILA,SANTA CRUZ,BARANGAY 356,39050843
NCR,NCR - MANILA,SANTA CRUZ,BARANGAY 357,39050844
NCR,NCR - MANILA,SANTA CRUZ,BARANGAY 357,39050845
NCR,NCR - MANILA,SANTA CRUZ,BARANGAY 358,39050846
NCR,NCR - MANILA,SANTA CRUZ,BARANGAY 359,39050847
NCR,NCR - MANILA,SANTA CRUZ,BARANGAY 360,39050848
NCR,NCR - MANILA,SANTA CRUZ,BARANGAY 360,39050849
NCR,NCR - MANILA,SANTA CRUZ,BARANGAY 361,39050850
NCR,NCR - MANILA,SANTA CRUZ,BARANGAY 361,39050851
NCR,NCR - MANILA,SANTA CRUZ,BARANGAY 362,39050852
NCR,NCR - MANILA,SANTA CRUZ,BARANGAY 363,39050853
NCR,NCR - MANILA,SANTA CRUZ,BARANGAY 363,39050854
NCR,NCR - MANILA,SANTA CRUZ,BARANGAY 364,39050855
NCR,NCR - MANILA,SANTA CRUZ,BARANGAY 364,39050856
NCR,NCR - MANILA,SANTA CRUZ,BARANGAY 364,39050857
NCR,NCR - MANILA,SANTA CRUZ,BARANGAY 365,39050858
NCR,NCR - MANILA,SANTA CRUZ,BARANGAY 365,39050859
NCR,NCR - MANILA,SANTA CRUZ,BARANGAY 365,39050860
NCR,NCR - MANILA,SANTA CRUZ,BARANGAY 366,39050861
NCR,NCR - MANILA,SANTA CRUZ,BARANGAY 366,39050862
NCR,NCR - MANILA,SANTA CRUZ,BARANGAY 367,39050863
NCR,NCR - MANILA,SANTA CRUZ,BARANGAY 367,39050864
NCR,NCR - MANILA,SANTA CRUZ,BARANGAY 367,39050865
NCR,NCR - MANILA,SANTA CRUZ,BARANGAY 368,39050866
NCR,NCR - MANILA,SANTA CRUZ,BARANGAY 368,39050867
NCR,NCR - MANILA,SANTA CRUZ,BARANGAY 369,39050868
NCR,NCR - MANILA,SANTA CRUZ,BARANGAY 369,39050869
NCR,NCR - MANILA,SANTA CRUZ,BARANGAY 370,39050870
NCR,NCR - MANILA,SANTA CRUZ,BARANGAY 370,39050871
NCR,NCR - MANILA,SANTA CRUZ,BARANGAY 371,39050872
NCR,NCR - MANILA,SANTA CRUZ,BARANGAY 372,39050873
NCR,NCR - MANILA,SANTA CRUZ,BARANGAY 372,39050874
NCR,NCR - MANILA,SANTA CRUZ,BARANGAY 372,39050875
NCR,NCR - MANILA,SANTA CRUZ,BARANGAY 373,39050876
NCR,NCR - MANILA,SANTA CRUZ,BARANGAY 373,39050877
NCR,NCR - MANILA,SANTA CRUZ,BARANGAY 373,39050878
NCR,NCR - MANILA,SANTA CRUZ,BARANGAY 373,39050879
NCR,NCR - MANILA,SANTA CRUZ,BARANGAY 373,39050880
NCR,NCR - MANILA,SANTA CRUZ,BARANGAY 374,39050881
NCR,NCR - MANILA,SANTA CRUZ,BARANGAY 374,39050882
NCR,NCR - MANILA,SANTA CRUZ,BARANGAY 374,39050883
NCR,NCR - MANILA,SANTA CRUZ,BARANGAY 374,39050884
NCR,NCR - MANILA,SANTA CRUZ,BARANGAY 375,39050885
NCR,NCR - MANILA,SANTA CRUZ,BARANGAY 375,39050886
NCR,NCR - MANILA,SANTA CRUZ,BARANGAY 375,39050887
NCR,NCR - MANILA,SANTA CRUZ,BARANGAY 375,39050888
NCR,NCR - MANILA,SANTA CRUZ,BARANGAY 376,39050889
NCR,NCR - MANILA,SANTA CRUZ,BARANGAY 376,39050890
NCR,NCR - MANILA,SANTA CRUZ,BARANGAY 377,39050891
NCR,NCR - MANILA,SANTA CRUZ,BARANGAY 378,39050892
NCR,NCR - MANILA,SANTA CRUZ,BARANGAY 378,39050893
NCR,NCR - MANILA,SANTA CRUZ,BARANGAY 379,39050894
NCR,NCR - MANILA,SANTA CRUZ,BARANGAY 380,39050895
NCR,NCR - MANILA,SANTA CRUZ,BARANGAY 381,39050896
NCR,NCR - MANILA,SANTA CRUZ,BARANGAY 381,39050897
NCR,NCR - MANILA,SANTA CRUZ,BARANGAY 382,39050898
NCR,NCR - MANILA,TONDO,BARANGAY 1,39010001
NCR,NCR - MANILA,TONDO,BARANGAY 1,39010002
NCR,NCR - MANILA,TONDO,BARANGAY 1,39010003
NCR,NCR - MANILA,TONDO,BARANGAY 2,39010004
NCR,NCR - MANILA,TONDO,BARANGAY 2,39010005
NCR,NCR - MANILA,TONDO,BARANGAY 3,39010006
NCR,NCR - MANILA,TONDO,BARANGAY 3,39010007
NCR,NCR - MANILA,TONDO,BARANGAY 4,39010008
NCR,NCR - MANILA,TONDO,BARANGAY 4,39010009
NCR,NCR - MANILA,TONDO,BARANGAY 4,39010010
NCR,NCR - MANILA,TONDO,BARANGAY 5,39010011
NCR,NCR - MANILA,TONDO,BARANGAY 5,39010012
NCR,NCR - MANILA,TONDO,BARANGAY 6,39010013
NCR,NCR - MANILA,TONDO,BARANGAY 7,39010014
NCR,NCR - MANILA,TONDO,BARANGAY 7,39010015
NCR,NCR - MANILA,TONDO,BARANGAY 8,39010016
NCR,NCR - MANILA,TONDO,BARANGAY 9,39010017
NCR,NCR - MANILA,TONDO,BARANGAY 11,39010018
NCR,NCR - MANILA,TONDO,BARANGAY 11,39010019
NCR,NCR - MANILA,TONDO,BARANGAY 12,39010020
NCR,NCR - MANILA,TONDO,BARANGAY 12,39010021
NCR,NCR - MANILA,TONDO,BARANGAY 13,39010022
NCR,NCR - MANILA,TONDO,BARANGAY 13,39010023
NCR,NCR - MANILA,TONDO,BARANGAY 14,39010024
NCR,NCR - MANILA,TONDO,BARANGAY 14,39010025
NCR,NCR - MANILA,TONDO,BARANGAY 15,39010026
NCR,NCR - MANILA,TONDO,BARANGAY 15,39010027
NCR,NCR - MANILA,TONDO,BARANGAY 16,39010028
NCR,NCR - MANILA,TONDO,BARANGAY 16,39010029
NCR,NCR - MANILA,TONDO,BARANGAY 17,39010030
NCR,NCR - MANILA,TONDO,BARANGAY 17,39010031
NCR,NCR - MANILA,TONDO,BARANGAY 18,39010032
NCR,NCR - MANILA,TONDO,BARANGAY 18,39010033
NCR,NCR - MANILA,TONDO,BARANGAY 18,39010034
NCR,NCR - MANILA,TONDO,BARANGAY 19,39010035
NCR,NCR - MANILA,TONDO,BARANGAY 19,39010036
NCR,NCR - MANILA,TONDO,BARANGAY 20,39010037
NCR,NCR - MANILA,TONDO,BARANGAY 20,39010038
NCR,NCR - MANILA,TONDO,BARANGAY 20,39010039
NCR,NCR - MANILA,TONDO,BARANGAY 20,39010040
NCR,NCR - MANILA,TONDO,BARANGAY 20,39010041
NCR,NCR - MANILA,TONDO,BARANGAY 20,39010042
NCR,NCR - MANILA,TONDO,BARANGAY 20,39010043
NCR,NCR - MANILA,TONDO,BARANGAY 20,39010044
NCR,NCR - MANILA,TONDO,BARANGAY 20,39010045
NCR,NCR - MANILA,TONDO,BARANGAY 20,39010046
NCR,NCR - MANILA,TONDO,BARANGAY 20,39010047
NCR,NCR - MANILA,TONDO,BARANGAY 20,39010048
NCR,NCR - MANILA,TONDO,BARANGAY 20,39010049
NCR,NCR - MANILA,TONDO,BARANGAY 20,39010050
NCR,NCR - MANILA,TONDO,BARANGAY 20,39010051
NCR,NCR - MANILA,TONDO,BARANGAY 20,39010052
NCR,NCR - MANILA,TONDO,BARANGAY 20,39010053
NCR,NCR - MANILA,TONDO,BARANGAY 20,39010054
NCR,NCR - MANILA,TONDO,BARANGAY 20,39010055
NCR,NCR - MANILA,TONDO,BARANGAY 20,39010056
NCR,NCR - MANILA,TONDO,BARANGAY 20,39010057
NCR,NCR - MANILA,TONDO,BARANGAY 20,39010058
NCR,NCR - MANILA,TONDO,BARANGAY 20,39010059
NCR,NCR - MANILA,TONDO,BARANGAY 20,39010060
NCR,NCR - MANILA,TONDO,BARANGAY 20,39010061
NCR,NCR - MANILA,TONDO,BARANGAY 20,39010062
NCR,NCR - MANILA,TONDO,BARANGAY 20,39010063
NCR,NCR - MANILA,TONDO,BARANGAY 20,39010064
NCR,NCR - MANILA,TONDO,BARANGAY 20,39010065
NCR,NCR - MANILA,TONDO,BARANGAY 25,39010066
NCR,NCR - MANILA,TONDO,BARANGAY 25,39010067
NCR,NCR - MANILA,TONDO,BARANGAY 25,39010068
NCR,NCR - MANILA,TONDO,BARANGAY 26,39010069
NCR,NCR - MANILA,TONDO,BARANGAY 26,39010070
NCR,NCR - MANILA,TONDO,BARANGAY 26,39010071
NCR,NCR - MANILA,TONDO,BARANGAY 28,39010072
NCR,NCR - MANILA,TONDO,BARANGAY 28,39010073
NCR,NCR - MANILA,TONDO,BARANGAY 28,39010074
NCR,NCR - MANILA,TONDO,BARANGAY 29,39010075
NCR,NCR - MANILA,TONDO,BARANGAY 29,39010076
NCR,NCR - MANILA,TONDO,BARANGAY 29,39010077
NCR,NCR - MANILA,TONDO,BARANGAY 29,39010078
NCR,NCR - MANILA,TONDO,BARANGAY 30,39010079
NCR,NCR - MANILA,TONDO,BARANGAY 31,39010080
NCR,NCR - MANILA,TONDO,BARANGAY 31,39010081
NCR,NCR - MANILA,TONDO,BARANGAY 31,39010082
NCR,NCR - MANILA,TONDO,BARANGAY 32,39010083
NCR,NCR - MANILA,TONDO,BARANGAY 32,39010084
NCR,NCR - MANILA,TONDO,BARANGAY 33,39010085
NCR,NCR - MANILA,TONDO,BARANGAY 33,39010086
NCR,NCR - MANILA,TONDO,BARANGAY 33,39010087
NCR,NCR - MANILA,TONDO,BARANGAY 33,39010088
NCR,NCR - MANILA,TONDO,BARANGAY 34,39010089
NCR,NCR - MANILA,TONDO,BARANGAY 34,39010090
NCR,NCR - MANILA,TONDO,BARANGAY 35,39010091
NCR,NCR - MANILA,TONDO,BARANGAY 35,39010092
NCR,NCR - MANILA,TONDO,BARANGAY 36,39010093
NCR,NCR - MANILA,TONDO,BARANGAY 36,39010094
NCR,NCR - MANILA,TONDO,BARANGAY 37,39010095
NCR,NCR - MANILA,TONDO,BARANGAY 37,39010096
NCR,NCR - MANILA,TONDO,BARANGAY 37,39010097
NCR,NCR - MANILA,TONDO,BARANGAY 38,39010098
NCR,NCR - MANILA,TONDO,BARANGAY 38,39010099
NCR,NCR - MANILA,TONDO,BARANGAY 38,39010100
NCR,NCR - MANILA,TONDO,BARANGAY 39,39010101
NCR,NCR - MANILA,TONDO,BARANGAY 39,39010102
NCR,NCR - MANILA,TONDO,BARANGAY 39,39010103
NCR,NCR - MANILA,TONDO,BARANGAY 41,39010104
NCR,NCR - MANILA,TONDO,BARANGAY 41,39010105
NCR,NCR - MANILA,TONDO,BARANGAY 41,39010106
NCR,NCR - MANILA,TONDO,BARANGAY 41,39010107
NCR,NCR - MANILA,TONDO,BARANGAY 42,39010108
NCR,NCR - MANILA,TONDO,BARANGAY 42,39010109
NCR,NCR - MANILA,TONDO,BARANGAY 43,39010110
NCR,NCR - MANILA,TONDO,BARANGAY 43,39010111
NCR,NCR - MANILA,TONDO,BARANGAY 43,39010112
NCR,NCR - MANILA,TONDO,BARANGAY 44,39010113
NCR,NCR - MANILA,TONDO,BARANGAY 45,39010114
NCR,NCR - MANILA,TONDO,BARANGAY 45,39010115
NCR,NCR - MANILA,TONDO,BARANGAY 46,39010116
NCR,NCR - MANILA,TONDO,BARANGAY 46,39010117
NCR,NCR - MANILA,TONDO,BARANGAY 47,39010118
NCR,NCR - MANILA,TONDO,BARANGAY 47,39010119
NCR,NCR - MANILA,TONDO,BARANGAY 48,39010120
NCR,NCR - MANILA,TONDO,BARANGAY 48,39010121
NCR,NCR - MANILA,TONDO,BARANGAY 48,39010122
NCR,NCR - MANILA,TONDO,BARANGAY 49,39010123
NCR,NCR - MANILA,TONDO,BARANGAY 49,39010124
NCR,NCR - MANILA,TONDO,BARANGAY 50,39010125
NCR,NCR - MANILA,TONDO,BARANGAY 50,39010126
NCR,NCR - MANILA,TONDO,BARANGAY 50,39010127
NCR,NCR - MANILA,TONDO,BARANGAY 50,39010128
NCR,NCR - MANILA,TONDO,BARANGAY 51,39010129
NCR,NCR - MANILA,TONDO,BARANGAY 51,39010130
NCR,NCR - MANILA,TONDO,BARANGAY 51,39010131
NCR,NCR - MANILA,TONDO,BARANGAY 52,39010132
NCR,NCR - MANILA,TONDO,BARANGAY 52,39010133
NCR,NCR - MANILA,TONDO,BARANGAY 52,39010134
NCR,NCR - MANILA,TONDO,BARANGAY 53,39010135
NCR,NCR - MANILA,TONDO,BARANGAY 53,39010136
NCR,NCR - MANILA,TONDO,BARANGAY 53,39010137
NCR,NCR - MANILA,TONDO,BARANGAY 54,39010138
NCR,NCR - MANILA,TONDO,BARANGAY 54,39010139
NCR,NCR - MANILA,TONDO,BARANGAY 55,39010140
NCR,NCR - MANILA,TONDO,BARANGAY 55,39010141
NCR,NCR - MANILA,TONDO,BARANGAY 55,39010142
NCR,NCR - MANILA,TONDO,BARANGAY 56,39010143
NCR,NCR - MANILA,TONDO,BARANGAY 56,39010144
NCR,NCR - MANILA,TONDO,BARANGAY 56,39010145
NCR,NCR - MANILA,TONDO,BARANGAY 57,39010146
NCR,NCR - MANILA,TONDO,BARANGAY 58,39010147
NCR,NCR - MANILA,TONDO,BARANGAY 58,39010148
NCR,NCR - MANILA,TONDO,BARANGAY 58,39010149
NCR,NCR - MANILA,TONDO,BARANGAY 58,39010150
NCR,NCR - MANILA,TONDO,BARANGAY 59,39010151
NCR,NCR - MANILA,TONDO,BARANGAY 59,39010152
NCR,NCR - MANILA,TONDO,BARANGAY 60,39010153
NCR,NCR - MANILA,TONDO,BARANGAY 60,39010154
NCR,NCR - MANILA,TONDO,BARANGAY 61,39010155
NCR,NCR - MANILA,TONDO,BARANGAY 61,39010156
NCR,NCR - MANILA,TONDO,BARANGAY 61,39010157
NCR,NCR - MANILA,TONDO,BARANGAY 62,39010158
NCR,NCR - MANILA,TONDO,BARANGAY 62,39010159
NCR,NCR - MANILA,TONDO,BARANGAY 63,39010160
NCR,NCR - MANILA,TONDO,BARANGAY 63,39010161
NCR,NCR - MANILA,TONDO,BARANGAY 64,39010162
NCR,NCR - MANILA,TONDO,BARANGAY 65,39010163
NCR,NCR - MANILA,TONDO,BARANGAY 65,39010164
NCR,NCR - MANILA,TONDO,BARANGAY 66,39010165
NCR,NCR - MANILA,TONDO,BARANGAY 66,39010166
NCR,NCR - MANILA,TONDO,BARANGAY 67,39010167
NCR,NCR - MANILA,TONDO,BARANGAY 67,39010168
NCR,NCR - MANILA,TONDO,BARANGAY 67,39010169
NCR,NCR - MANILA,TONDO,BARANGAY 68,39010170
NCR,NCR - MANILA,TONDO,BARANGAY 68,39010171
NCR,NCR - MANILA,TONDO,BARANGAY 69,39010172
NCR,NCR - MANILA,TONDO,BARANGAY 69,39010173
NCR,NCR - MANILA,TONDO,BARANGAY 69,39010174
NCR,NCR - MANILA,TONDO,BARANGAY 70,39010175
NCR,NCR - MANILA,TONDO,BARANGAY 70,39010176
NCR,NCR - MANILA,TONDO,BARANGAY 70,39010177
NCR,NCR - MANILA,TONDO,BARANGAY 71,39010178
NCR,NCR - MANILA,TONDO,BARANGAY 71,39010179
NCR,NCR - MANILA,TONDO,BARANGAY 72,39010180
NCR,NCR - MANILA,TONDO,BARANGAY 72,39010181
NCR,NCR - MANILA,TONDO,BARANGAY 72,39010182
NCR,NCR - MANILA,TONDO,BARANGAY 72,39010183
NCR,NCR - MANILA,TONDO,BARANGAY 73,39010184
NCR,NCR - MANILA,TONDO,BARANGAY 73,39010185
NCR,NCR - MANILA,TONDO,BARANGAY 74,39010186
NCR,NCR - MANILA,TONDO,BARANGAY 74,39010187
NCR,NCR - MANILA,TONDO,BARANGAY 75,39010188
NCR,NCR - MANILA,TONDO,BARANGAY 75,39010189
NCR,NCR - MANILA,TONDO,BARANGAY 76,39010190
NCR,NCR - MANILA,TONDO,BARANGAY 76,39010191
NCR,NCR - MANILA,TONDO,BARANGAY 77,39010192
NCR,NCR - MANILA,TONDO,BARANGAY 77,39010193
NCR,NCR - MANILA,TONDO,BARANGAY 78,39010194
NCR,NCR - MANILA,TONDO,BARANGAY 78,39010195
NCR,NCR - MANILA,TONDO,BARANGAY 79,39010196
NCR,NCR - MANILA,TONDO,BARANGAY 79,39010197
NCR,NCR - MANILA,TONDO,BARANGAY 80,39010198
NCR,NCR - MANILA,TONDO,BARANGAY 80,39010199
NCR,NCR - MANILA,TONDO,BARANGAY 80,39010200
NCR,NCR - MANILA,TONDO,BARANGAY 81,39010201
NCR,NCR - MANILA,TONDO,BARANGAY 81,39010202
NCR,NCR - MANILA,TONDO,BARANGAY 82,39010203
NCR,NCR - MANILA,TONDO,BARANGAY 82,39010204
NCR,NCR - MANILA,TONDO,BARANGAY 83,39010205
NCR,NCR - MANILA,TONDO,BARANGAY 83,39010206
NCR,NCR - MANILA,TONDO,BARANGAY 84,39010207
NCR,NCR - MANILA,TONDO,BARANGAY 84,39010208
NCR,NCR - MANILA,TONDO,BARANGAY 85,39010209
NCR,NCR - MANILA,TONDO,BARANGAY 85,39010210
NCR,NCR - MANILA,TONDO,BARANGAY 85,39010211
NCR,NCR - MANILA,TONDO,BARANGAY 86,39010212
NCR,NCR - MANILA,TONDO,BARANGAY 86,39010213
NCR,NCR - MANILA,TONDO,BARANGAY 87,39010214
NCR,NCR - MANILA,TONDO,BARANGAY 87,39010215
NCR,NCR - MANILA,TONDO,BARANGAY 88,39010216
NCR,NCR - MANILA,TONDO,BARANGAY 89,39010217
NCR,NCR - MANILA,TONDO,BARANGAY 89,39010218
NCR,NCR - MANILA,TONDO,BARANGAY 90,39010219
NCR,NCR - MANILA,TONDO,BARANGAY 90,39010220
NCR,NCR - MANILA,TONDO,BARANGAY 91,39010221
NCR,NCR - MANILA,TONDO,BARANGAY 91,39010222
NCR,NCR - MANILA,TONDO,BARANGAY 91,39010223
NCR,NCR - MANILA,TONDO,BARANGAY 91,39010224
NCR,NCR - MANILA,TONDO,BARANGAY 92,39010225
NCR,NCR - MANILA,TONDO,BARANGAY 92,39010226
NCR,NCR - MANILA,TONDO,BARANGAY 92,39010227
NCR,NCR - MANILA,TONDO,BARANGAY 93,39010228
NCR,NCR - MANILA,TONDO,BARANGAY 93,39010229
NCR,NCR - MANILA,TONDO,BARANGAY 93,39010230
NCR,NCR - MANILA,TONDO,BARANGAY 93,39010231
NCR,NCR - MANILA,TONDO,BARANGAY 94,39010232
NCR,NCR - MANILA,TONDO,BARANGAY 94,39010233
NCR,NCR - MANILA,TONDO,BARANGAY 95,39010234
NCR,NCR - MANILA,TONDO,BARANGAY 95,39010235
NCR,NCR - MANILA,TONDO,BARANGAY 95,39010236
NCR,NCR - MANILA,TONDO,BARANGAY 95,39010237
NCR,NCR - MANILA,TONDO,BARANGAY 96,39010238
NCR,NCR - MANILA,TONDO,BARANGAY 96,39010239
NCR,NCR - MANILA,TONDO,BARANGAY 96,39010240
NCR,NCR - MANILA,TONDO,BARANGAY 96,39010241
NCR,NCR - MANILA,TONDO,BARANGAY 97,39010242
NCR,NCR - MANILA,TONDO,BARANGAY 97,39010243
NCR,NCR - MANILA,TONDO,BARANGAY 97,39010244
NCR,NCR - MANILA,TONDO,BARANGAY 98,39010245
NCR,NCR - MANILA,TONDO,BARANGAY 99,39010246
NCR,NCR - MANILA,TONDO,BARANGAY 99,39010247
NCR,NCR - MANILA,TONDO,BARANGAY 100,39010248
NCR,NCR - MANILA,TONDO,BARANGAY 100,39010249
NCR,NCR - MANILA,TONDO,BARANGAY 101,39010250
NCR,NCR - MANILA,TONDO,BARANGAY 101,39010251
NCR,NCR - MANILA,TONDO,BARANGAY 101,39010252
NCR,NCR - MANILA,TONDO,BARANGAY 101,39010253
NCR,NCR - MANILA,TONDO,BARANGAY 101,39010254
NCR,NCR - MANILA,TONDO,BARANGAY 101,39010255
NCR,NCR - MANILA,TONDO,BARANGAY 101,39010256
NCR,NCR - MANILA,TONDO,BARANGAY 101,39010257
NCR,NCR - MANILA,TONDO,BARANGAY 101,39010258
NCR,NCR - MANILA,TONDO,BARANGAY 102,39010259
NCR,NCR - MANILA,TONDO,BARANGAY 102,39010260
NCR,NCR - MANILA,TONDO,BARANGAY 102,39010261
NCR,NCR - MANILA,TONDO,BARANGAY 103,39010262
NCR,NCR - MANILA,TONDO,BARANGAY 103,39010263
NCR,NCR - MANILA,TONDO,BARANGAY 103,39010264
NCR,NCR - MANILA,TONDO,BARANGAY 103,39010265
NCR,NCR - MANILA,TONDO,BARANGAY 104,39010266
NCR,NCR - MANILA,TONDO,BARANGAY 104,39010267
NCR,NCR - MANILA,TONDO,BARANGAY 104,39010268
NCR,NCR - MANILA,TONDO,BARANGAY 104,39010269
NCR,NCR - MANILA,TONDO,BARANGAY 105,39010270
NCR,NCR - MANILA,TONDO,BARANGAY 105,39010271
NCR,NCR - MANILA,TONDO,BARANGAY 105,39010272
NCR,NCR - MANILA,TONDO,BARANGAY 105,39010273
NCR,NCR - MANILA,TONDO,BARANGAY 105,39010274
NCR,NCR - MANILA,TONDO,BARANGAY 105,39010275
NCR,NCR - MANILA,TONDO,BARANGAY 105,39010276
NCR,NCR - MANILA,TONDO,BARANGAY 105,39010277
NCR,NCR - MANILA,TONDO,BARANGAY 105,39010278
NCR,NCR - MANILA,TONDO,BARANGAY 105,39010279
NCR,NCR - MANILA,TONDO,BARANGAY 105,39010280
NCR,NCR - MANILA,TONDO,BARANGAY 105,39010281
NCR,NCR - MANILA,TONDO,BARANGAY 106,39010282
NCR,NCR - MANILA,TONDO,BARANGAY 106,39010283
NCR,NCR - MANILA,TONDO,BARANGAY 106,39010284
NCR,NCR - MANILA,TONDO,BARANGAY 107,39010285
NCR,NCR - MANILA,TONDO,BARANGAY 107,39010286
NCR,NCR - MANILA,TONDO,BARANGAY 107,39010287
NCR,NCR - MANILA,TONDO,BARANGAY 107,39010288
NCR,NCR - MANILA,TONDO,BARANGAY 107,39010289
NCR,NCR - MANILA,TONDO,BARANGAY 107,39010290
NCR,NCR - MANILA,TONDO,BARANGAY 108,39010291
NCR,NCR - MANILA,TONDO,BARANGAY 108,39010292
NCR,NCR - MANILA,TONDO,BARANGAY 108,39010293
NCR,NCR - MANILA,TONDO,BARANGAY 108,39010294
NCR,NCR - MANILA,TONDO,BARANGAY 109,39010295
NCR,NCR - MANILA,TONDO,BARANGAY 109,39010296
NCR,NCR - MANILA,TONDO,BARANGAY 109,39010297
NCR,NCR - MANILA,TONDO,BARANGAY 110,39010298
NCR,NCR - MANILA,TONDO,BARANGAY 110,39010299
NCR,NCR - MANILA,TONDO,BARANGAY 111,39010300
NCR,NCR - MANILA,TONDO,BARANGAY 111,39010301
NCR,NCR - MANILA,TONDO,BARANGAY 112,39010302
NCR,NCR - MANILA,TONDO,BARANGAY 112,39010303
NCR,NCR - MANILA,TONDO,BARANGAY 112,39010304
NCR,NCR - MANILA,TONDO,BARANGAY 112,39010305
NCR,NCR - MANILA,TONDO,BARANGAY 116,39010306
NCR,NCR - MANILA,TONDO,BARANGAY 116,39010307
NCR,NCR - MANILA,TONDO,BARANGAY 116,39010308
NCR,NCR - MANILA,TONDO,BARANGAY 116,39010309
NCR,NCR - MANILA,TONDO,BARANGAY 116,39010310
NCR,NCR - MANILA,TONDO,BARANGAY 116,39010311
NCR,NCR - MANILA,TONDO,BARANGAY 117,39010312
NCR,NCR - MANILA,TONDO,BARANGAY 117,39010313
NCR,NCR - MANILA,TONDO,BARANGAY 117,39010314
NCR,NCR - MANILA,TONDO,BARANGAY 117,39010315
NCR,NCR - MANILA,TONDO,BARANGAY 118,39010316
NCR,NCR - MANILA,TONDO,BARANGAY 118,39010317
NCR,NCR - MANILA,TONDO,BARANGAY 118,39010318
NCR,NCR - MANILA,TONDO,BARANGAY 118,39010319
NCR,NCR - MANILA,TONDO,BARANGAY 118,39010320
NCR,NCR - MANILA,TONDO,BARANGAY 118,39010321
NCR,NCR - MANILA,TONDO,BARANGAY 118,39010322
NCR,NCR - MANILA,TONDO,BARANGAY 118,39010323
NCR,NCR - MANILA,TONDO,BARANGAY 118,39010324
NCR,NCR - MANILA,TONDO,BARANGAY 119,39010325
NCR,NCR - MANILA,TONDO,BARANGAY 119,39010326
NCR,NCR - MANILA,TONDO,BARANGAY 119,39010327
NCR,NCR - MANILA,TONDO,BARANGAY 119,39010328
NCR,NCR - MANILA,TONDO,BARANGAY 120,39010329
NCR,NCR - MANILA,TONDO,BARANGAY 120,39010330
NCR,NCR - MANILA,TONDO,BARANGAY 120,39010331
NCR,NCR - MANILA,TONDO,BARANGAY 121,39010332
NCR,NCR - MANILA,TONDO,BARANGAY 121,39010333
NCR,NCR - MANILA,TONDO,BARANGAY 121,39010334
NCR,NCR - MANILA,TONDO,BARANGAY 121,39010335
NCR,NCR - MANILA,TONDO,BARANGAY 121,39010336
NCR,NCR - MANILA,TONDO,BARANGAY 122,39010337
NCR,NCR - MANILA,TONDO,BARANGAY 122,39010338
NCR,NCR - MANILA,TONDO,BARANGAY 122,39010339
NCR,NCR - MANILA,TONDO,BARANGAY 122,39010340
NCR,NCR - MANILA,TONDO,BARANGAY 123,39010341
NCR,NCR - MANILA,TONDO,BARANGAY 123,39010342
NCR,NCR - MANILA,TONDO,BARANGAY 123,39010343
NCR,NCR - MANILA,TONDO,BARANGAY 123,39010344
NCR,NCR - MANILA,TONDO,BARANGAY 123,39010345
NCR,NCR - MANILA,TONDO,BARANGAY 123,39010346
NCR,NCR - MANILA,TONDO,BARANGAY 123,39010347
NCR,NCR - MANILA,TONDO,BARANGAY 124,39010348
NCR,NCR - MANILA,TONDO,BARANGAY 124,39010349
NCR,NCR - MANILA,TONDO,BARANGAY 125,39010350
NCR,NCR - MANILA,TONDO,BARANGAY 125,39010351
NCR,NCR - MANILA,TONDO,BARANGAY 126,39010352
NCR,NCR - MANILA,TONDO,BARANGAY 126,39010353
NCR,NCR - MANILA,TONDO,BARANGAY 127,39010354
NCR,NCR - MANILA,TONDO,BARANGAY 129,39010355
NCR,NCR - MANILA,TONDO,BARANGAY 129,39010356
NCR,NCR - MANILA,TONDO,BARANGAY 129,39010357
NCR,NCR - MANILA,TONDO,BARANGAY 129,39010358
NCR,NCR - MANILA,TONDO,BARANGAY 129,39010359
NCR,NCR - MANILA,TONDO,BARANGAY 130,39010360
NCR,NCR - MANILA,TONDO,BARANGAY 130,39010361
NCR,NCR - MANILA,TONDO,BARANGAY 131,39010362
NCR,NCR - MANILA,TONDO,BARANGAY 131,39010363
NCR,NCR - MANILA,TONDO,BARANGAY 132,39010364
NCR,NCR - MANILA,TONDO,BARANGAY 133,39010365
NCR,NCR - MANILA,TONDO,BARANGAY 133,39010366
NCR,NCR - MANILA,TONDO,BARANGAY 133,39010367
NCR,NCR - MANILA,TONDO,BARANGAY 134,39010368
NCR,NCR - MANILA,TONDO,BARANGAY 135,39010369
NCR,NCR - MANILA,TONDO,BARANGAY 135,39010370
NCR,NCR - MANILA,TONDO,BARANGAY 136,39010371
NCR,NCR - MANILA,TONDO,BARANGAY 137,39010372
NCR,NCR - MANILA,TONDO,BARANGAY 138,39010373
NCR,NCR - MANILA,TONDO,BARANGAY 138,39010374
NCR,NCR - MANILA,TONDO,BARANGAY 138,39010375
NCR,NCR - MANILA,TONDO,BARANGAY 138,39010376
NCR,NCR - MANILA,TONDO,BARANGAY 139,39010377
NCR,NCR - MANILA,TONDO,BARANGAY 140,39010378
NCR,NCR - MANILA,TONDO,BARANGAY 141,39010379
NCR,NCR - MANILA,TONDO,BARANGAY 142,39010380
NCR,NCR - MANILA,TONDO,BARANGAY 142,39010381
NCR,NCR - MANILA,TONDO,BARANGAY 143,39010382
NCR,NCR - MANILA,TONDO,BARANGAY 144,39010383
NCR,NCR - MANILA,TONDO,BARANGAY 144,39010384
NCR,NCR - MANILA,TONDO,BARANGAY 145,39010385
NCR,NCR - MANILA,TONDO,BARANGAY 146,39010386
NCR,NCR - MANILA,TONDO,BARANGAY 146,39010387
NCR,NCR - MANILA,TONDO,BARANGAY 146,39010388
NCR,NCR - MANILA,TONDO,BARANGAY 128,39010389
NCR,NCR - MANILA,TONDO,BARANGAY 128,39010390
NCR,NCR - MANILA,TONDO,BARANGAY 128,39010391
NCR,NCR - MANILA,TONDO,BARANGAY 128,39010392
NCR,NCR - MANILA,TONDO,BARANGAY 128,39010393
NCR,NCR - MANILA,TONDO,BARANGAY 128,39010394
NCR,NCR - MANILA,TONDO,BARANGAY 128,39010395
NCR,NCR - MANILA,TONDO,BARANGAY 128,39010396
NCR,NCR - MANILA,TONDO,BARANGAY 128,39010397
NCR,NCR - MANILA,TONDO,BARANGAY 128,39010398
NCR,NCR - MANILA,TONDO,BARANGAY 128,39010399
NCR,NCR - MANILA,TONDO,BARANGAY 128,39010400
NCR,NCR - MANILA,TONDO,BARANGAY 128,39010401
NCR,NCR - MANILA,TONDO,BARANGAY 147,39010402
NCR,NCR - MANILA,TONDO,BARANGAY 147,39010403
NCR,NCR - MANILA,TONDO,BARANGAY 148,39010404
NCR,NCR - MANILA,TONDO,BARANGAY 148,39010405
NCR,NCR - MANILA,TONDO,BARANGAY 149,39010406
NCR,NCR - MANILA,TONDO,BARANGAY 149,39010407
NCR,NCR - MANILA,TONDO,BARANGAY 150,39010408
NCR,NCR - MANILA,TONDO,BARANGAY 150,39010409
NCR,NCR - MANILA,TONDO,BARANGAY 151,39010410
NCR,NCR - MANILA,TONDO,BARANGAY 151,39010411
NCR,NCR - MANILA,TONDO,BARANGAY 152,39010412
NCR,NCR - MANILA,TONDO,BARANGAY 152,39010413
NCR,NCR - MANILA,TONDO,BARANGAY 152,39010414
NCR,NCR - MANILA,TONDO,BARANGAY 153,39010415
NCR,NCR - MANILA,TONDO,BARANGAY 153,39010416
NCR,NCR - MANILA,TONDO,BARANGAY 153,39010417
NCR,NCR - MANILA,TONDO,BARANGAY 154,39010418
NCR,NCR - MANILA,TONDO,BARANGAY 154,39010419
NCR,NCR - MANILA,TONDO,BARANGAY 155,39010420
NCR,NCR - MANILA,TONDO,BARANGAY 155,39010421
NCR,NCR - MANILA,TONDO,BARANGAY 155,39010422
NCR,NCR - MANILA,TONDO,BARANGAY 156,39010423
NCR,NCR - MANILA,TONDO,BARANGAY 156,39010424
NCR,NCR - MANILA,TONDO,BARANGAY 157,39010425
NCR,NCR - MANILA,TONDO,BARANGAY 157,39010426
NCR,NCR - MANILA,TONDO,BARANGAY 158,39010427
NCR,NCR - MANILA,TONDO,BARANGAY 158,39010428
NCR,NCR - MANILA,TONDO,BARANGAY 159,39010429
NCR,NCR - MANILA,TONDO,BARANGAY 159,39010430
NCR,NCR - MANILA,TONDO,BARANGAY 160,39010431
NCR,NCR - MANILA,TONDO,BARANGAY 160,39010432
NCR,NCR - MANILA,TONDO,BARANGAY 160,39010433
NCR,NCR - MANILA,TONDO,BARANGAY 161,39010434
NCR,NCR - MANILA,TONDO,BARANGAY 161,39010435
NCR,NCR - MANILA,TONDO,BARANGAY 162,39010436
NCR,NCR - MANILA,TONDO,BARANGAY 163,39010437
NCR,NCR - MANILA,TONDO,BARANGAY 163,39010438
NCR,NCR - MANILA,TONDO,BARANGAY 163,39010439
NCR,NCR - MANILA,TONDO,BARANGAY 163,39010440
NCR,NCR - MANILA,TONDO,BARANGAY 164,39010441
NCR,NCR - MANILA,TONDO,BARANGAY 164,39010442
NCR,NCR - MANILA,TONDO,BARANGAY 165,39010443
NCR,NCR - MANILA,TONDO,BARANGAY 165,39010444
NCR,NCR - MANILA,TONDO,BARANGAY 166,39010445
NCR,NCR - MANILA,TONDO,BARANGAY 167,39010446
NCR,NCR - MANILA,TONDO,BARANGAY 168,39010447
NCR,NCR - MANILA,TONDO,BARANGAY 168,39010448
NCR,NCR - MANILA,TONDO,BARANGAY 169,39010449
NCR,NCR - MANILA,TONDO,BARANGAY 169,39010450
NCR,NCR - MANILA,TONDO,BARANGAY 170,39010451
NCR,NCR - MANILA,TONDO,BARANGAY 171,39010452
NCR,NCR - MANILA,TONDO,BARANGAY 171,39010453
NCR,NCR - MANILA,TONDO,BARANGAY 172,39010454
NCR,NCR - MANILA,TONDO,BARANGAY 172,39010455
NCR,NCR - MANILA,TONDO,BARANGAY 173,39010456
NCR,NCR - MANILA,TONDO,BARANGAY 173,39010457
NCR,NCR - MANILA,TONDO,BARANGAY 174,39010458
NCR,NCR - MANILA,TONDO,BARANGAY 175,39010459
NCR,NCR - MANILA,TONDO,BARANGAY 176,39010460
NCR,NCR - MANILA,TONDO,BARANGAY 176,39010461
NCR,NCR - MANILA,TONDO,BARANGAY 177,39010462
NCR,NCR - MANILA,TONDO,BARANGAY 177,39010463
NCR,NCR - MANILA,TONDO,BARANGAY 177,39010464
NCR,NCR - MANILA,TONDO,BARANGAY 178,39010465
NCR,NCR - MANILA,TONDO,BARANGAY 178,39010466
NCR,NCR - MANILA,TONDO,BARANGAY 179,39010467
NCR,NCR - MANILA,TONDO,BARANGAY 179,39010468
NCR,NCR - MANILA,TONDO,BARANGAY 180,39010469
NCR,NCR - MANILA,TONDO,BARANGAY 180,39010470
NCR,NCR - MANILA,TONDO,BARANGAY 180,39010471
NCR,NCR - MANILA,TONDO,BARANGAY 180,39010472
NCR,NCR - MANILA,TONDO,BARANGAY 181,39010473
NCR,NCR - MANILA,TONDO,BARANGAY 181,39010474
NCR,NCR - MANILA,TONDO,BARANGAY 181,39010475
NCR,NCR - MANILA,TONDO,BARANGAY 182,39010476
NCR,NCR - MANILA,TONDO,BARANGAY 182,39010477
NCR,NCR - MANILA,TONDO,BARANGAY 182,39010478
NCR,NCR - MANILA,TONDO,BARANGAY 182,39010479
NCR,NCR - MANILA,TONDO,BARANGAY 182,39010480
NCR,NCR - MANILA,TONDO,BARANGAY 183,39010481
NCR,NCR - MANILA,TONDO,BARANGAY 183,39010482
NCR,NCR - MANILA,TONDO,BARANGAY 183,39010483
NCR,NCR - MANILA,TONDO,BARANGAY 184,39010484
NCR,NCR - MANILA,TONDO,BARANGAY 184,39010485
NCR,NCR - MANILA,TONDO,BARANGAY 184,39010486
NCR,NCR - MANILA,TONDO,BARANGAY 184,39010487
NCR,NCR - MANILA,TONDO,BARANGAY 185,39010488
NCR,NCR - MANILA,TONDO,BARANGAY 185,39010489
NCR,NCR - MANILA,TONDO,BARANGAY 185,39010490
NCR,NCR - MANILA,TONDO,BARANGAY 186,39010491
NCR,NCR - MANILA,TONDO,BARANGAY 186,39010492
NCR,NCR - MANILA,TONDO,BARANGAY 187,39010493
NCR,NCR - MANILA,TONDO,BARANGAY 187,39010494
NCR,NCR - MANILA,TONDO,BARANGAY 188,39010495
NCR,NCR - MANILA,TONDO,BARANGAY 189,39010496
NCR,NCR - MANILA,TONDO,BARANGAY 189,39010497
NCR,NCR - MANILA,TONDO,BARANGAY 190,39010498
NCR,NCR - MANILA,TONDO,BARANGAY 190,39010499
NCR,NCR - MANILA,TONDO,BARANGAY 191,39010500
NCR,NCR - MANILA,TONDO,BARANGAY 192,39010501
NCR,NCR - MANILA,TONDO,BARANGAY 192,39010502
NCR,NCR - MANILA,TONDO,BARANGAY 193,39010503
NCR,NCR - MANILA,TONDO,BARANGAY 194,39010504
NCR,NCR - MANILA,TONDO,BARANGAY 194,39010505
NCR,NCR - MANILA,TONDO,BARANGAY 195,39010506
NCR,NCR - MANILA,TONDO,BARANGAY 195,39010507
NCR,NCR - MANILA,TONDO,BARANGAY 196,39010508
NCR,NCR - MANILA,TONDO,BARANGAY 196,39010509
NCR,NCR - MANILA,TONDO,BARANGAY 197,39010510
NCR,NCR - MANILA,TONDO,BARANGAY 197,39010511
NCR,NCR - MANILA,TONDO,BARANGAY 198,39010512
NCR,NCR - MANILA,TONDO,BARANGAY 198,39010513
NCR,NCR - MANILA,TONDO,BARANGAY 198,39010514
NCR,NCR - MANILA,TONDO,BARANGAY 198,39010515
NCR,NCR - MANILA,TONDO,BARANGAY 199,39010516
NCR,NCR - MANILA,TONDO,BARANGAY 199,39010517
NCR,NCR - MANILA,TONDO,BARANGAY 199,39010518
NCR,NCR - MANILA,TONDO,BARANGAY 200,39010519
NCR,NCR - MANILA,TONDO,BARANGAY 200,39010520
NCR,NCR - MANILA,TONDO,BARANGAY 201,39010521
NCR,NCR - MANILA,TONDO,BARANGAY 201,39010522
NCR,NCR - MANILA,TONDO,BARANGAY 202,39010523
NCR,NCR - MANILA,TONDO,BARANGAY 202,39010524
NCR,NCR - MANILA,TONDO,BARANGAY 202-A,39010525
NCR,NCR - MANILA,TONDO,BARANGAY 203,39010526
NCR,NCR - MANILA,TONDO,BARANGAY 203,39010527
NCR,NCR - MANILA,TONDO,BARANGAY 203,39010528
NCR,NCR - MANILA,TONDO,BARANGAY 204,39010529
NCR,NCR - MANILA,TONDO,BARANGAY 204,39010530
NCR,NCR - MANILA,TONDO,BARANGAY 204,39010531
NCR,NCR - MANILA,TONDO,BARANGAY 205,39010532
NCR,NCR - MANILA,TONDO,BARANGAY 205,39010533
NCR,NCR - MANILA,TONDO,BARANGAY 206,39010534
NCR,NCR - MANILA,TONDO,BARANGAY 206,39010535
NCR,NCR - MANILA,TONDO,BARANGAY 207,39010536
NCR,NCR - MANILA,TONDO,BARANGAY 207,39010537
NCR,NCR - MANILA,TONDO,BARANGAY 208,39010538
NCR,NCR - MANILA,TONDO,BARANGAY 208,39010539
NCR,NCR - MANILA,TONDO,BARANGAY 209,39010540
NCR,NCR - MANILA,TONDO,BARANGAY 209,39010541
NCR,NCR - MANILA,TONDO,BARANGAY 209,39010542
NCR,NCR - MANILA,TONDO,BARANGAY 210,39010543
NCR,NCR - MANILA,TONDO,BARANGAY 210,39010544
NCR,NCR - MANILA,TONDO,BARANGAY 210,39010545
NCR,NCR - MANILA,TONDO,BARANGAY 211,39010546
NCR,NCR - MANILA,TONDO,BARANGAY 211,39010547
NCR,NCR - MANILA,TONDO,BARANGAY 211,39010548
NCR,NCR - MANILA,TONDO,BARANGAY 212,39010549
NCR,NCR - MANILA,TONDO,BARANGAY 212,39010550
NCR,NCR - MANILA,TONDO,BARANGAY 212,39010551
NCR,NCR - MANILA,TONDO,BARANGAY 213,39010552
NCR,NCR - MANILA,TONDO,BARANGAY 213,39010553
NCR,NCR - MANILA,TONDO,BARANGAY 213,39010554
NCR,NCR - MANILA,TONDO,BARANGAY 214,39010555
NCR,NCR - MANILA,TONDO,BARANGAY 214,39010556
NCR,NCR - MANILA,TONDO,BARANGAY 215,39010557
NCR,NCR - MANILA,TONDO,BARANGAY 215,39010558
NCR,NCR - MANILA,TONDO,BARANGAY 215,39010559
NCR,NCR - MANILA,TONDO,BARANGAY 216,39010560
NCR,NCR - MANILA,TONDO,BARANGAY 216,39010561
NCR,NCR - MANILA,TONDO,BARANGAY 216,39010562
NCR,NCR - MANILA,TONDO,BARANGAY 217,39010563
NCR,NCR - MANILA,TONDO,BARANGAY 217,39010564
NCR,NCR - MANILA,TONDO,BARANGAY 218,39010565
NCR,NCR - MANILA,TONDO,BARANGAY 219,39010566
NCR,NCR - MANILA,TONDO,BARANGAY 219,39010567
NCR,NCR - MANILA,TONDO,BARANGAY 220,39010568
NCR,NCR - MANILA,TONDO,BARANGAY 220,39010569
NCR,NCR - MANILA,TONDO,BARANGAY 221,39010570
NCR,NCR - MANILA,TONDO,BARANGAY 221,39010571
NCR,NCR - MANILA,TONDO,BARANGAY 221,39010572
NCR,NCR - MANILA,TONDO,BARANGAY 222,39010573
NCR,NCR - MANILA,TONDO,BARANGAY 222,39010574
NCR,NCR - MANILA,TONDO,BARANGAY 223,39010575
NCR,NCR - MANILA,TONDO,BARANGAY 223,39010576
NCR,NCR - MANILA,TONDO,BARANGAY 224,39010577
NCR,NCR - MANILA,TONDO,BARANGAY 225,39010578
NCR,NCR - MANILA,TONDO,BARANGAY 225,39010579
NCR,NCR - MANILA,TONDO,BARANGAY 226,39010580
NCR,NCR - MANILA,TONDO,BARANGAY 226,39010581
NCR,NCR - MANILA,TONDO,BARANGAY 227,39010582
NCR,NCR - MANILA,TONDO,BARANGAY 227,39010583
NCR,NCR - MANILA,TONDO,BARANGAY 227,39010584
NCR,NCR - MANILA,TONDO,BARANGAY 228,39010585
NCR,NCR - MANILA,TONDO,BARANGAY 228,39010586
NCR,NCR - MANILA,TONDO,BARANGAY 229,39010587
NCR,NCR - MANILA,TONDO,BARANGAY 230,39010588
NCR,NCR - MANILA,TONDO,BARANGAY 231,39010589
NCR,NCR - MANILA,TONDO,BARANGAY 231,39010590
NCR,NCR - MANILA,TONDO,BARANGAY 232,39010591
NCR,NCR - MANILA,TONDO,BARANGAY 232,39010592
NCR,NCR - MANILA,TONDO,BARANGAY 232,39010593
NCR,NCR - MANILA,TONDO,BARANGAY 233,39010594
NCR,NCR - MANILA,TONDO,BARANGAY 233,39010595
NCR,NCR - MANILA,TONDO,BARANGAY 234,39010596
NCR,NCR - MANILA,TONDO,BARANGAY 234,39010597
NCR,NCR - MANILA,TONDO,BARANGAY 235,39010598
NCR,NCR - MANILA,TONDO,BARANGAY 235,39010599
NCR,NCR - MANILA,TONDO,BARANGAY 236,39010600
NCR,NCR - MANILA,TONDO,BARANGAY 237,39010601
NCR,NCR - MANILA,TONDO,BARANGAY 238,39010602
NCR,NCR - MANILA,TONDO,BARANGAY 239,39010603
NCR,NCR - MANILA,TONDO,BARANGAY 239,39010604
NCR,NCR - MANILA,TONDO,BARANGAY 240,39010605
NCR,NCR - MANILA,TONDO,BARANGAY 241,39010606
NCR,NCR - MANILA,TONDO,BARANGAY 242,39010607
NCR,NCR - MANILA,TONDO,BARANGAY 243,39010608
NCR,NCR - MANILA,TONDO,BARANGAY 244,39010609
NCR,NCR - MANILA,TONDO,BARANGAY 245,39010610
NCR,NCR - MANILA,TONDO,BARANGAY 246,39010611
NCR,NCR - MANILA,TONDO,BARANGAY 246,39010612
NCR,NCR - MANILA,TONDO,BARANGAY 247,39010613
NCR,NCR - MANILA,TONDO,BARANGAY 248,39010614
NCR,NCR - MANILA,TONDO,BARANGAY 249,39010615
NCR,NCR - MANILA,TONDO,BARANGAY 250,39010616
NCR,NCR - MANILA,TONDO,BARANGAY 250,39010617
NCR,NCR - MANILA,TONDO,BARANGAY 251,39010618
NCR,NCR - MANILA,TONDO,BARANGAY 252,39010619
NCR,NCR - MANILA,TONDO,BARANGAY 253,39010620
NCR,NCR - MANILA,TONDO,BARANGAY 253,39010621
NCR,NCR - MANILA,TONDO,BARANGAY 254,39010622
NCR,NCR - MANILA,TONDO,BARANGAY 254,39010623
NCR,NCR - MANILA,TONDO,BARANGAY 254,39010624
NCR,NCR - MANILA,TONDO,BARANGAY 255,39010625
NCR,NCR - MANILA,TONDO,BARANGAY 255,39010626
NCR,NCR - MANILA,TONDO,BARANGAY 256,39010627
NCR,NCR - MANILA,TONDO,BARANGAY 256,39010628
NCR,NCR - MANILA,TONDO,BARANGAY 257,39010629
NCR,NCR - MANILA,TONDO,BARANGAY 257,39010630
NCR,NCR - MANILA,TONDO,BARANGAY 258,39010631
NCR,NCR - MANILA,TONDO,BARANGAY 258,39010632
NCR,NCR - MANILA,TONDO,BARANGAY 259,39010633
NCR,NCR - MANILA,TONDO,BARANGAY 259,39010634
NCR,NCR - MANILA,TONDO,BARANGAY 260,39010635
NCR,NCR - MANILA,TONDO,BARANGAY 260,39010636
NCR,NCR - MANILA,TONDO,BARANGAY 261,39010637
NCR,NCR - MANILA,TONDO,BARANGAY 262,39010638
NCR,NCR - MANILA,TONDO,BARANGAY 262,39010639
NCR,NCR - MANILA,TONDO,BARANGAY 263,39010640
NCR,NCR - MANILA,TONDO,BARANGAY 264,39010641
NCR,NCR - MANILA,TONDO,BARANGAY 264,39010642
NCR,NCR - MANILA,TONDO,BARANGAY 265,39010643
NCR,NCR - MANILA,TONDO,BARANGAY 265,39010644
NCR,NCR - MANILA,TONDO,BARANGAY 266,39010645
NCR,NCR - MANILA,TONDO,BARANGAY 267,39010646
NCR,NCR - MANILA,TONDO,BARANGAY 267,39010647